requests_per_min,session_duration,failed_login
13.490142459033699,318.43366544364505,0
11.585207096486446,280.33305938363196,1
13.943065614302078,301.43724114674086,0
16.569089569224076,363.92259313036493,1
11.297539875829992,309.55495340099515,0
11.297589129152458,302.32182740780746,0
16.737638446522176,232.00719295100404,0
14.302304187458727,337.312678301361,0
10.591576842195144,332.2742090570538,1
13.627680130757895,408.16273616527303,0
10.609746921562614,284.61108825235,0
10.602810739289229,310.95751638319695,1
12.725886814698102,312.46918418553776,1
6.260159266026607,378.8726639881737,0
6.825246502460901,295.23522338065237,1
10.313137412277083,313.95107628851696,1
8.961506638996728,330.39482548582697,1
12.942741997785822,309.33045615781793,0
9.275927773436367,277.6783192724736,0
7.763088895994126,309.70449964491536,0
16.39694630676466,353.6815874929886,1
11.322671098540393,248.674235029447,0
12.202584614063772,306.6484837073438,1
7.725755441359629,264.99395925304134,0
10.366851826424451,359.7523314462421,0
12.332767769129598,223.84065476081128,1
8.547019267733091,272.0539076364206,0
13.127094055037016,318.86059375322606,1
10.198083930243586,378.27620146171705,1
11.12491875062017,296.7124869463506,0
10.19488016331181,272.24002366534006,1
17.556834553526812,394.0578534720295,0
11.959508325786198,227.59930497918782,0
8.8268672131323,190.0597021689959,1
14.467634736309567,322.00072250266663,0
8.337469050086934,274.89728878236946,1
12.626590785014265,248.93835914346434,0
6.1209896283606735,335.41782236496766,0
8.015441853304708,312.19003568855993,0
12.59058370760737,271.7960684631636,0
14.215399739986232,235.9847800664553,0
12.514104843569912,343.62286641400726,1
11.653055152835279,332.51005889793305,1
11.096688913232134,295.04120681103086,1
7.564434028897718,392.3318498023833,1
9.840467374815875,246.49576168369236,1
10.618083687120638,223.72374145376307,1
15.171366678656748,265.4045965059378,0
13.030854868705385,297.72069918222513,0
6.710879533911799,312.1669724661346,1
12.972251908184385,287.9381971071835,1
10.84475315875105,317.60276982571486,0
9.969233999082125,237.4230287904778,0
13.835028866522604,372.18823020366295,0
15.092998567487854,295.89244108037155,1
14.793840357348596,355.86479157940636,1
9.482347430332084,317.1362673188852,1
11.072362872446357,322.8376609576892,0
12.993790294210692,328.4883640116102,0
14.926635381367078,322.3854280008658,1
10.56247728646413,332.1361379933772,1
11.443023070008548,366.4576265066216,0
8.680995077981915,309.82605848507353,0
8.411380127757987,335.4501878794256,0
14.437577467182594,295.51321528563864,0
16.06872008571247,372.0058607724736,1
11.783969635258998,266.1803848970365,0
15.010598693676073,390.0470216455408,0
13.084908075142902,297.99210246778284,0
10.064640736184627,228.4612448940976,1
13.084186816525241,306.40522074553945,1
16.614109699397908,265.94741712625597,0
11.892521882670145,342.0321774494362,0
16.693930967442018,267.36880103488045,0
4.140764687730767,277.69082833926103,1
14.465707513125672,205.52296345272345,1
12.261141204714514,277.38468403754615,1
11.102977948602398,178.80603366855217,0
12.275282329606506,220.80485882571384,1
6.037293256197321,338.02073280721487,0
11.340984336487464,339.2900079325416,0
13.07133771453524,321.27287808924825,0
16.433682134224547,251.65119284353935,1
10.445189345179058,297.614432192901,0
9.574519191320437,299.8198730454716,1
10.49472886924639,242.08176554037286,1
14.746206353106222,375.1699150883575,0
12.986253328979053,343.86811452878356,0
10.410719388698883,288.9517913085168,1
13.539802299340067,301.34429194972654,0
12.29123264804412,310.41914039737765,1
14.905934971598668,197.91325657878548,0
9.893840718367944,287.64113087397016,1
11.017013560206696,265.90078760011005,1
10.823675540603528,249.91899950525422,1
7.609455155603644,285.9449853557023,1
12.888360831193728,389.88432634247613,0
12.783165816539668,332.0421430633505,0
12.015340369927383,271.4410505108602,1
11.29623859987456,328.62913906780796,1
7.753887773848757,369.9677718293001,0
10.738064031703923,346.23168414563844,0
10.971856450419692,302.98151849600873,0
9.593168192335144,267.6531611147213,0
11.516142865001973,334.9111656806795,0
13.212152570443616,319.6742692710875,0
17.65855770363159,344.75966100138663,1
12.523733438495517,331.7585900840985,0
12.772651172168294,352.47763576596674,0
11.776662252701499,273.2382394219716,1
6.243686354102875,365.8697032817163,0
11.92045837365235,309.87998023462,0
12.18069062982308,403.76304363126326,0
19.38972633745586,265.54060909552163,0
11.422917105656632,386.79819015826246,0
12.904642027000838,309.89553917313236,1
11.89586469088427,267.42909981927755,0
8.493965887141403,275.8057082972839,1
15.42846844354506,283.98263459028396,1
14.255799098060322,321.2082973200958,0
14.37309584112914,326.14177440177497,1
9.271837635615784,271.31499980307103,0
16.2083829328083,298.78227038695087,1
7.794446811623157,407.11351793059316,1
13.76057128140081,386.3771585050356,0
18.571366877429938,321.8161834837016,0
9.028391024607934,301.90017390841,0
10.301106811191683,306.0015663359131,0
12.298954095262923,330.67589863652086,0
10.489573037651402,248.86037174007973,1
7.3480097068016015,287.13117312883276,1
12.205688924418082,216.57079630612054,1
8.813088858821686,319.961156130264,1
13.420777291905544,332.35979698513705,1
9.24172729729859,275.8406768850313,1
16.649803215052618,378.6993381645016,1
9.650240122991288,238.71171684988295,0
11.033815451382972,226.781255989509,0
14.44055165210901,311.2225909279986,1
8.307407050698135,352.3549151306077,1
12.682379803812388,384.1963845728934,0
15.921428262847284,277.055786856553,0
7.177550296316317,353.9340416715648,0
12.553901575596912,298.07457652496464,0
12.77964838274527,291.368635002959,1
14.345468615331932,344.18299687433364,0
8.289147867365754,332.616143920671,1
8.038630160747172,221.18039215078753,1
13.565824696850694,373.8270174862948,1
12.890954019699558,369.0045677073726,0
12.75147855103763,268.7218649245235,0
13.039344628490927,319.7901766718704,1
9.959925835264528,324.70150931413696,1
12.69676109148301,313.03368829119535,1
12.879217419896044,272.484742307729,0
9.856945745920896,266.41883160309743,1
17.59732353343427,298.72229645042773,0
13.421498762735363,358.63645096296824,1
8.426089508392053,327.18000772972164,1
13.969660825901489,281.4692833956947,1
9.075954989318035,338.58493553241726,0
14.361253811227357,157.57286896849624,0
15.475786737022212,357.43828501860514,1
9.537953044944869,213.01431106109501,0
14.890128387732965,281.8779529298434,1
13.238342780809495,244.0165052686928,0
14.46618047998347,235.2659262139547,0
17.690378947961843,358.04133936892595,0
11.26383565199139,276.6149399344054,1
9.73879150692753,317.3251940865358,0
9.33145671112343,297.6539710560408,0
9.552569145103686,323.85204136115607,1
11.768694871757688,303.8410945530128,1
13.023455924449932,235.85038879057151,1
12.830072397990056,349.813340972357,1
14.481549747108073,275.3121708419344,0
12.039005675633721,222.17090506701243,0
16.36060223147195,278.59424195170436,0
11.206029500286132,375.03798953171554,0
20.160507499768855,342.5110871056746,0
13.877002043295018,282.567393279607,1
9.428527330751152,282.53711478407854,0
8.787322505816663,283.9182474391309,0
13.447417245729556,403.83739917804206,0
11.329611644022448,319.09677261157765,1
14.142001482276276,321.50208235955347,1
13.419712873720634,351.5141727015921,0
11.781513262029382,311.93945795132566,1
9.459618845794786,287.04789270896487,1
7.455458325942406,290.1825075457511,1
10.660455143798936,296.4199370292968,1
14.569196382970418,298.13888817450794,1
12.642281232390612,336.381477181849,1
8.262783663864036,302.59729429036497,1
12.519542777553546,336.632003860779,0
13.15595213918651,295.9641709945709,0
9.348427691396601,303.9317595158045,1
12.461175317836584,200.08996577339462,0
12.174626155338,345.8163837351241,0
8.571089106508131,317.32442379489964,1
13.07336208104485,349.90050549298263,0
13.682353579104703,155.18723109031555,1
15.249153729525831,404.4187352390364,1
15.161406156104709,293.02051859224133,1
7.866991896128727,355.40914083687585,0
9.186524880254632,248.00470364372347,0
13.54510580162598,330.6386952531285,0
13.541357852736626,247.32922184131718,0
13.545143058918143,268.81155196520973,1
23.558194471964164,395.7015676933393,1
13.7126715320795,290.4658799618327,0
15.406696920541798,310.87164365898616,1
14.862005290479607,343.5033865344377,1
13.954173753917393,324.78409439863026,0
11.054192266078964,307.5209452571788,1
14.276907661479802,318.24805012331126,0
9.681524356387285,420.17077926191376,1
11.289544179779973,297.1190601483207,0
10.543909356512689,310.0549523357484,1
12.245622418158968,352.5327198003806,1
18.943975700020527,355.2762966478992,0
6.398204422224756,359.351515278019,0
14.05878057112354,331.93651110145925,0
7.161852386431045,242.84975436347582,0
10.5842044026317,381.6715766150548,1
15.266851790902098,242.6827303490656,1
12.192840057286388,315.13177326195165,0
8.76676566621208,262.2862074990321,1
9.854088872220096,296.7930826703504,0
14.038793246804028,316.43812051517403,0
9.80890010484859,316.06786077251365,1
12.649375768745925,321.0960377117642,1
12.13671551971144,380.68556345293234,0
10.04519895718255,322.676715075699,0
18.431832267975977,287.79216823546756,0
13.901757066954033,348.20435841441787,1
5.924572240027178,359.47352444623203,1
12.559362944308283,238.61960924315036,1
10.014640605694836,329.8700034924929,1
14.557300004388672,335.0586371155449,0
9.622437784701898,285.1218248320004,0
11.655790675599302,368.785340665581,0
13.51496183694137,292.4972206483737,0
14.597265582510364,306.2788226735771,0
8.399110778832672,291.34640878580655,0
10.996496292477154,300.77895237907336,1
10.575164066517132,245.1862456552399,1
10.040012302278864,227.99745587028528,0
17.29636272084329,379.7252531612486,0
13.214945132882868,257.6519325840836,1
8.217348136994865,250.43038252718463,1
14.753585841164329,192.33049431981425,1
18.3664685910379,268.0519126155249,1
15.09739578165344,233.84551032962509,0
7.441890102137959,382.10075800681847,0
10.547297781401246,350.4908544671317,0
15.800733447559868,265.5924827411138,0
9.876991603143658,412.62179026721543,0
13.331458284438686,349.0882743495797,1
14.32390216028801,283.7584308245689,0
9.21920858526575,175.02971425632134,1
11.8214239318146,414.5471286295371,0
2.276197979792782,230.5213766618202,0
8.926837075997131,217.73006265215542,0
11.24229554582052,351.12852160048203,0
8.25665045410545,421.98762031696367,0
16.897233911794906,369.2136409255259,1
7.709575866118102,328.19545600261796,1
10.67986653990905,329.7377170832643,1
12.392221731858275,342.6707779390154,0
16.323819867198345,337.94642948933824,0
7.692413546461681,314.0595711984688,1
15.489491256464879,305.2100551975938,0
12.030699183058761,296.8703436050239,0
9.055474046856148,262.30177055666616,1
13.386310422789812,285.96624615666127,0
12.59717908672041,215.35215929023073,1
10.199349368523617,295.0830186602625,0
12.209406254970057,250.57044464245413,1
10.84405920941472,244.82053413921145,0
12.340552035753744,308.9947075576739,0
13.98639202356314,369.60011431722995,1
16.758050448436055,345.91583030011566,0
8.286553503519453,221.47496981884115,0
18.3991001239688,250.51859317148313,1
6.143736601432495,347.0385593994108,0
11.54464471489325,250.87563032308452,1
13.76495161945373,288.7683425001488,0
12.842975603205097,327.50260495122757,0
10.131901440538218,251.58277725681825,0
11.375633248928175,305.268775307298,0
10.520997196023501,233.2987252540898,1
10.231905729167366,269.9316178024393,0
14.548806291063073,315.98909670712686,1
13.071046457895141,220.35031332341651,0
9.921271214218038,322.02373689801993,0
14.698799626299753,299.01811005366596,0
12.921898562629828,327.6244977208574,0
14.43858635651688,311.1957067032331,1
13.888886525770836,368.2070214986922,1
9.513014967233783,306.26122513239534,1
10.319456879409092,278.52972294373734,1
14.241880815369786,306.11487515161417,0
13.831110796300395,327.1649014518194,1
11.937295218107556,302.4430035162852,1
12.351982149926346,302.0295845601941,0
15.832994687365275,264.9004156096622,0
10.22528583349251,266.85495412245257,0
13.641292143510114,229.86973641001532,0
11.393422042698317,387.478837159347,1
11.34695639031834,237.80683823043574,1
15.296330555961571,265.3547401102046,0
14.476249046964089,264.0796367215401,0
14.440528908001916,344.74621884722205,0
15.916436421462986,285.2525160853986,1
12.063011524898277,362.3871036336867,1
14.045858913884892,266.3254687878066,0
11.069199730219632,313.9497081111901,0
12.972499057465326,258.2326473370121,1
11.609570836896946,407.2574563886694,0
12.290987894978155,240.62007904852436,0
13.78547107631074,315.49103551135136,1
9.545337950299583,331.6888440466049,0
18.277161827056382,320.6899548725749,1
8.981947855500895,290.73561705611456,0
8.357434161636803,293.5089650133287,0
15.474332620500203,302.1905735989555,1
14.374988081888809,292.64989991857556,1
13.872359451156466,348.1939558397455,0
13.88503652779284,410.52615007956757,1
11.963259681459256,272.1254107496083,0
9.308236885542506,231.5098510210461,0
12.227413674581179,295.58589758243727,1
9.968514865463664,428.98546688271597,0
14.925359200253254,259.81627160151345,0
11.558827855493584,381.9558402722034,1
9.523508409622465,383.885040703822,1
11.03584247504102,272.32058791460025,0
13.238794362826873,328.44915395926375,1
10.308826341588077,381.4198311564269,1
9.533338813300706,281.04361295062563,1
12.731061634475736,289.8209819948819,1
12.734899713326168,270.9159543025678,0
10.479170473886612,249.26216346535665,0
10.586885083145031,267.5361227466997,0
12.696149812072909,238.8029866618872,1
7.655746975508028,301.7041734129613,1
7.777608676870335,261.5013384470679,1
9.844667336242692,311.6892955895374,1
11.359658544864459,222.20521768981865,1
12.932722696794015,316.54401161072286,1
16.426068650848656,341.6764480804462,1
14.572978869606057,200.31321787142724,0
11.520184410109719,318.7028284923786,0
11.942951376291933,361.3834496236646,1
8.992411906086573,239.51794906543972,1
11.94446059202283,383.62861934188516,1
11.134024083239584,320.95095046830227,0
12.968155681014268,264.7494072120796,0
9.518307169343032,297.2115461171147,1
13.558039542723517,327.9163456260861,1
16.598216739007732,303.80026957062057,0
11.673719554629427,326.93779962231844,0
13.205135166296824,253.9663203460317,0
14.070431975133339,308.4680412018039,0
10.796338584342491,229.314275154751,1
12.67227744543125,294.438696932565,0
12.037777202345385,254.8046179267605,0
12.293028295646495,263.22350287051165,1
9.6809706484336,361.8046587605219,0
12.073530522776828,354.56550602971345,0
13.49399487373635,330.45690604535883,0
16.353430823385125,245.38436176637106,1
14.87781247825562,284.1795775152599,0
18.45954737253467,360.6548849989592,1
9.697957311335852,307.08584568199524,1
14.616961910162034,415.9664769990847,0
12.550026017215055,319.6658919697186,0
18.56940879965302,309.6024558245016,0
9.575105143934547,284.54417678987494,0
9.480834473457673,306.67704523911414,1
10.201822063667933,292.3765081809728,0
5.628312827070579,335.4054338344295,0
10.422734934957717,347.8351158397292,0
9.722602015338907,260.70052697460255,1
12.451181359428624,233.4383523221111,0
13.025267927331479,208.18973134483517,0
17.628512517647657,325.3995663456272,1
14.851271514558151,244.83166969130633,1
10.269289033012791,192.35547035237585,0
9.304755985954927,319.42893022654823,0
13.475757514519517,424.6499758716395,0
8.039300378938073,299.6964544230053,0
17.49437629756306,341.9245387225821,0
15.538320362163862,304.09146792737823,1
10.592473043685885,295.05551734044286,1
6.860596412727368,345.9538241493884,0
16.061617122496237,285.48627279056745,0
11.656380464242146,313.3696157035952,1
15.713448935920386,316.0848903098007,0
7.216717023616899,266.59547731784755,0
10.201874931138681,349.60211747682615,0
12.01573109915455,291.2520121652296,0
12.140941781294226,262.2127420253578,0
10.64980358556227,326.82549217852016,1
13.868549797042496,255.07660091044812,0
8.797138711852217,301.4090578684564,0
11.572861544936119,299.5440501677898,0
12.360886895135696,354.2947782915789,1
13.543316502176246,323.73491164399763,1
14.13484463426667,298.7486520627428,1
8.626073724486393,340.8883149600143,1
7.397657487793133,369.5103774508657,0
15.833030465695527,327.8905153175931,1
12.996942035938774,300.517630992169,0
9.75454039033034,234.40818838249203,0
16.653455926567567,246.74431684623136,1
12.347023902878576,284.7387647822666,1
15.537891552191478,269.52438989203586,1
12.202555444230327,290.6514348507277,1
18.18224377464596,302.83249624485535,1
17.266022527329614,326.48463771783656,0
11.25310755456278,296.47506109704545,1
14.914712852863065,324.3250821913101,1
13.936127848755444,303.223720740506,1
16.105894672597046,201.22667168230643,0
9.105229618259687,253.03323030906228,1
14.058154379995319,292.7956222139192,0
15.175273460548762,239.5152628579446,1
6.723781540730657,329.9964364998102,1
8.450224462002675,376.53754161718484,0
5.882303466719698,360.93809258486584,1
11.191779496666326,289.3278564534896,0
14.152626767387886,374.5363068424976,0
16.507071156288085,307.4333728601056,0
12.222284341259325,283.14570144409805,1
16.885846636713875,269.329866822953,1
7.859695625355326,284.87651567559357,1
6.889852681934536,280.5911590729386,0
11.833356903310143,308.52081111877436,1
13.152196346817922,308.0286990524932,0
11.90191575571772,300.1523010076707,1
5.79767369988037,321.8469084873175,0
11.732639881461635,359.5323137393171,0
8.08659149848544,347.4777067720662,0
14.009017646490115,225.75510157750483,1
13.099794738290544,172.30394325490226,0
9.180360641017934,346.71599556196367,0
10.45839924798992,231.65606507922894,0
8.822359434333144,288.7617299053658,0
11.811962708180484,241.49434869703202,0
14.865426961503715,209.900978120999,0
9.042821860993369,327.0731364102394,1
13.512139546553533,337.95775801513236,1
10.409227144882678,271.174479963664,0
9.621381503212968,170.4478853927545,1
11.678908920136326,272.6877775873759,1
8.894273032741879,319.5902002701273,0
10.339052083958453,226.05442156129357,0
8.406366322233454,309.1679959889578,0
17.89417539874917,299.23450754135024,1
12.105790655915186,328.9645749800544,0
9.900823476022243,305.9790184207077,1
12.641939732202665,251.34655295592222,0
11.663015850927511,359.82857508322456,1
11.33709120140033,292.0735213486515,0
13.842500100130275,298.63477302450343,0
14.272523130141916,253.3366020463402,1
10.408496557168418,277.8358874404245,1
10.27254527806596,255.75986429865495,1
11.174844908545069,291.35269700382884,1
5.094236505793246,385.5854240071172,1
7.454426813404343,231.4049428534322,1
16.100622802333575,219.32193010616294,0
16.93490314050385,373.55851637468044,1
11.252891881330864,289.5338161424067,0
13.729670889167298,266.54636306700417,0
12.933750463630608,351.9952343698038,1
21.236642425365712,269.7192230131568,0
15.358724734303731,391.30048567734684,1
11.6162472255577,333.89629356696344,1
9.133378678198723,275.60442959271484,0
7.1806610392272825,407.86541066327516,0
12.61039090760167,269.7142538498331,1
9.73094776414709,337.1047686004654,1
7.733238871206978,314.9646290203246,0
10.06028134727242,365.0870644699399,0
8.755355989156815,378.0755598363426,0
17.061424905217695,301.6002074532883,0
14.644919270848352,262.3291064826908,1
11.976082076050147,322.9986071469558,1
16.43983241667008,266.11423151239467,1
12.232104922942854,400.66936237633115,1
9.416147396015209,306.8267665541369,0
16.56937223180897,281.7339224343946,0
13.616730131053977,309.2340152932454,1
8.88826153702063,232.64368552351516,1
11.428983965749175,251.4192980744674,1
9.373145239845728,360.0206953972213,1
7.851600807106992,267.1552860514302,1
14.778532642594925,247.65445086590302,1
17.72824992141039,326.8326376263643,1
7.804297278542577,359.28520773314983,1
13.688907710071712,335.9476655332533,1
10.048072292634519,349.80238429029083,0
10.538623848705912,262.16024557152696,1
10.222818227283392,228.90946666290782,0
9.408027690960552,375.06668259777433,0
12.145564883834481,283.8660080578932,1
9.507149650766888,287.4583491772476,1
12.811370477339516,366.4097070924529,0
11.84928567165259,327.811500470033,0
11.283155859400772,322.7943886040804,1
9.277309013875207,408.2501172450542,0
10.269686008295002,267.8240884809928,1
14.26617367747727,346.3920064040619,1
13.502751562873142,302.85065624485424,1
9.067334265604346,313.42961394316285,0
12.297996916287678,376.4234213206266,0
14.254161370115368,325.3917878144812,1
6.991784156635885,326.91480395248163,0
13.630080577139806,353.6253668654901,0
10.01212872316246,281.7523635228557,0
13.711796005779478,258.0395166330497,0
9.71022253037245,247.7595402989483,0
6.585353698006443,201.68217053119992,0
7.117372686350512,402.8103564970161,0
12.144254839984146,244.83958171391583,1
12.779167505164445,288.9373188207114,0
9.287050124686775,286.15933500555394,0
13.915777376332121,315.370334890455,0
7.015439813193121,340.7868606269648,0
11.80176060405805,343.02367441798725,0
8.36695140071263,270.8461280715531,0
10.044491676593523,291.6439143106794,0
12.142196013949242,314.12899752441496,0
9.418759904148143,287.56544369082263,1
10.846333367310525,380.36727880099966,0
15.018878427643322,324.54874758191255,0
10.269324391430555,336.74388930249086,0
14.507076336195425,333.14406343337066,0
8.610879436027146,358.67369287426624,1
13.589412533745849,309.05107793518533,1
16.3247058619737,235.15840260220767,1
4.585066499618132,319.9843975876321,1
9.60931423358857,267.4321553104086,1
13.73121638154162,273.5691659125122,1
11.390863841871022,329.3182009377547,1
13.113437620113926,361.91415357168177,1
10.188044439852538,301.06357883680306,1
12.2597693624187,315.4416506299482,1
11.532968293823762,385.1107472317619,1
15.503346184979423,312.03765897442844,1
12.763262529903638,430.08415570901974,1
13.012807986225607,328.2754822815772,1
10.764369101632598,211.96186204220913,1
10.53718132778252,337.6670810552266,1
10.702325436541138,319.0579192441389,0
13.18335642713489,364.4876377041373,1
10.73704655753921,333.6590675634979,0
12.869324570689239,293.0772008008113,1
18.226202395936316,238.78508818553172,1
14.613374110295076,289.54883713569876,0
11.021929403496477,257.473977289535,1
15.603641766491835,270.97382750976385,0
10.775773880935345,329.42892022103047,0
5.885626394466438,383.4952252175703,0
8.975741067247789,319.73357649114905,1
6.3876242369224325,240.2058468982408,1
10.945459547876073,322.23013341100705,1
12.055255137568656,359.83157433228257,0
17.02931193682585,269.51085478403087,0
12.980782121292489,293.2991416663541,1
11.342698413573407,300.73440973645984,1
14.488216743550467,260.755084345888,1
5.366594072976344,332.41402169219293,1
12.706843674325699,293.95259256961094,1
14.3125955816609,320.9766221953514,0
7.564241262660476,255.625391109895,0
15.431262129620787,278.1270849838295,0
13.015489222483243,336.11906789138857,1
10.754136258297596,281.3583423954116,0
13.898345598318855,386.34819256167026,0
18.81207857341319,280.0181907192699,0
12.545598765175486,311.2342362875943,0
12.744661758901008,346.6295415936545,0
10.621917301379268,229.08171335334842,1
9.450466891605625,211.9595594009612,0
14.491007449632736,223.71718427149526,1
9.431748522273399,363.1292051713591,1
12.214698711658178,272.40709270537764,1
10.56702765970465,427.9099642834126,1
13.436939477239175,271.78762006713055,1
13.000986315860844,309.22756515985185,0
15.112619832773698,377.1054976283938,0
10.46995080343576,400.3046444079562,1
11.190375194119886,403.0751788318199,1
9.063708852653079,360.4183115296571,1
10.667120219771665,351.2031262905731,0
13.131901479134557,329.62634746005915,1
14.270965849936056,338.9180538083319,0
9.233504027467124,272.44071418357333,1
14.608817760316981,259.09005582888466,0
16.066913576414855,299.8312771294524,1
13.240304709671102,291.49076887375355,0
17.630387437674198,277.33859753363623,1
9.678632402689281,334.81937237283574,0
8.266035890065748,347.76526042852555,0
6.663839253287164,304.42034431459234,0
16.48813293446755,373.8765040527631,0
13.963096969062173,242.91554429332476,0
11.833245987268635,290.3170270360141,0
12.839905878959462,264.15888396985974,0
8.62353285810487,206.673169146347,1
19.33725593885048,295.86596570786503,1
12.387663545925683,293.9126245808358,1
12.328184383814678,375.67248716210656,1
14.177299871696075,331.54058422773886,1
13.443027695210139,248.79065878353975,0
12.671652072837395,392.70462831670943,0
9.628576633664064,361.0516847762676,0
13.414405071407987,329.1048851734308,0
17.6460734894251,288.6757950575084,0
16.036260138464932,252.028038163826,1
16.77955987991819,281.3896611964474,1
10.466352970706446,354.4374309852093,1
9.031185539224257,394.2293152967304,1
11.622639239701055,377.1621764136095,0
12.167174736866084,275.5575289106863,0
15.282574555412847,244.01912833554945,0
6.922606110855542,307.0443123455602,1
16.58865095838184,211.57803172185743,0
11.525976304263033,316.1583857092391,1
10.71935679015774,292.6198706850666,0
8.963686874219498,276.6981749065879,0
7.0354299844026915,220.26484663666022,1
14.469511751885744,325.68000532848583,0
12.219953901565212,273.36495801690444,0
8.130117300776838,241.50415821448559,1
8.114763683809151,156.38688933591754,0
10.992645902129615,298.62425474746817,1
17.007064575868178,388.6125798334872,0
11.221225945909186,383.0629607273935,0
7.490571140645681,277.1451871706864,0
11.262770807742168,269.889396981911,0
11.181829290756989,323.4387128037512,0
3.9093400711752846,250.08072804058543,0
11.837115400446564,315.0895949909733,0
11.307196409373965,338.30401391923454,0
14.088619094440254,361.34666119421536,1
17.546868284836037,294.99229617600236,1
15.379695088643272,289.81631249115173,0
11.193333928335509,256.1008706621719,0
8.680422273774989,258.655982298007,1
19.72007940974958,288.67605540492366,0
12.177655302043465,318.3682753408089,0
12.041787875738839,345.6792313116625,1
11.92762473866999,259.8410524659828,0
12.594254282303565,374.6344284479761,0
11.566918764228173,286.4438199478716,1
10.279013979359291,298.9316352825782,0
10.359423176278824,262.63941604260884,0
11.901740189352005,178.7879869863529,1
10.369725686598706,344.2022698180525,0
9.861462651968507,336.84219485462165,1
12.31929068307569,285.9336221440893,0
11.235068347737434,303.3495358612436,0
16.511978965748064,325.79696088520495,1
4.047090574820964,221.87270715567286,1
15.274520555767385,273.5473661326853,0
15.738255577492886,339.7132339810914,1
5.779829302775552,237.28552884153754,1
10.971937217758953,314.6778966083315,0
10.885677402012625,232.17090976882974,0
7.7774649158465365,323.3214991216763,0
9.666549937227375,298.2179258851258,1
8.668272463602513,219.24340920472451,1
17.256811330270867,358.2369677228586,1
14.807035179442384,263.27042116009756,1
15.814665284982476,259.48737814928097,0
14.165016192129706,310.02845986154716,1
8.612844686348312,357.43186747143574,0
10.42643920116068,249.20890905108016,1
13.468123683683753,303.0839924923986,0
8.333616573324164,321.44082501652866,0
14.138995290517164,334.6552803631572,0
11.279023805525595,308.8220777638613,1
10.875537577351208,281.6486080458339,0
14.132879904610474,258.62048896756403,0
13.33278993445812,304.30719415231874,1
10.91710150254276,246.39304940071966,0
15.477989410092745,153.93247582526962,1
8.756810017200308,321.8279902078834,1
13.84780682083279,345.19674205430977,0
13.779303773905152,181.85337822290808,0
11.07136068205803,249.5134647645031,1
12.978399066726354,330.9577130502599,0
8.246659270844091,402.8747734855849,1
14.772081057620703,301.0396853837704,1
11.445293590671033,263.5998529385433,1
10.431830938442882,290.855177944758,0
15.147027677510668,368.74382095740924,1
9.886968928371722,267.70179104377326,0
7.774616110909321,260.04039966748735,0
7.330112479428289,275.86282389089837,0
13.818029854036919,252.33356958706437,0
8.15871194251115,306.13351579973977,1
17.264382545953094,381.233922923478,0
5.754211776348834,316.1539636558015,1
17.089369104870116,287.3823248936856,1
12.633052401607856,285.4094365542228,0
11.709860664388822,221.84045956516715,1
10.365242739573151,344.15548885735797,1
13.197408343056212,296.1081401493599,0
11.887095892725455,290.97600432046875,1
15.309905646049565,459.65537839224305,1
12.34268294598612,314.9376454182843,1
12.450905284385632,262.41044749524076,1
10.909163363358433,278.6821201897228,0
11.829163128836798,357.4222854598377,1
12.923405306676177,305.66352052688825,1
6.8694948220301235,228.08610108413166,1
7.955443733682861,345.96144672876017,1
14.229792282068145,266.5927957230503,0
12.512596314383826,393.6648888108773,1
11.448049990941962,354.00240328573244,0
12.05530179919618,277.6339052170624,1
13.042745116085014,364.0508180867556,0
10.380720959071915,303.39277552637014,0
9.665085823793062,342.638683756111,0
12.587535765293044,324.23664086472377,0
9.064881667154904,257.6821672504563,0
13.224758267143415,267.8225083841269,1
6.892249187286479,351.49804087905807,1
15.08746691197693,283.26123339467296,1
13.41779244723913,279.81757683790016,0
12.768089202941628,252.24387103253235,1
14.948072951836542,321.17995327967304,0
16.99642333338773,403.1262459621572,0
15.04311019505439,246.62335428728636,1
6.477377306005064,301.2109728336379,1
8.161269099792896,370.61102777077144,0
10.125544266912964,296.01793043771426,0
12.078273150632501,322.6185898124867,1
13.552977061407368,246.880323592656,1
9.822768560539604,321.4153548603824,1
12.560300293431235,290.64278674977254,1
9.733851202940032,349.2864997839931,0
10.165446591024155,359.3693025782376,1
7.780016709455333,429.47818210093067,1
9.230300261667287,328.98165866067876,1
7.944946183150999,316.2898158291083,0
9.072380241068002,309.7192150788668,0
15.160925389823518,282.3416853594656,0
9.151803333504171,316.9241921730846,0
19.897146194512175,285.22992949304853,1
13.479953702642668,308.4230488134807,0
12.554508371084621,365.879876780398,1
9.424926659456359,249.67287173601795,1
14.100929638226974,356.99392805645226,1
10.273086521286679,365.85575336699327,1
12.366029443936084,294.0965736504461,0
19.680253614806382,193.90725504957027,0
11.71182030082605,269.60890064527837,0
15.447819978857027,364.84972732805545,1
9.890470724622338,298.8565968850559,1
11.895034528509115,250.03488838525448,1
17.31240190690653,274.7612539385891,1
10.119098826636698,342.03100132522763,1
17.437345673990787,327.33667841006894,0
14.123255806366426,288.0533950415153,1
10.312599672317198,281.6587794092656,0
13.897223217166562,280.4120925478089,1
14.91766334888019,253.87949077507488,1
13.86542988665159,380.7687844734721,0
7.2893258403286305,283.883976539433,0
9.818588472525395,360.8579260412748,1
11.257444093345486,376.0658025961226,1
11.77669971269986,349.91554490739804,1
13.862016292652033,278.4189843640976,1
12.533103002799761,320.1865045168305,0
7.993966923869696,298.7902196804542,1
13.14059355301789,254.8149069634936,0
13.83175723585147,316.21796408608014,1
13.67937134379312,241.04801044200988,0
15.242342176663865,359.38396942307816,0
14.501766463646712,276.7691351350803,1
13.37754023768531,310.05798279364194,0
11.789502865624058,314.1643935773071,1
7.017117199452025,287.05475131479614,0
13.288854657397758,329.33469007376374,1
12.623063061489333,276.2548171688738,0
12.814736511586121,343.5648648728622,1
8.169754272539071,232.70101598766257,1
8.756830378775213,306.31897897732057,0
15.159458559998711,396.94644995291424,0
11.881334538430036,249.98343376972127,0
14.044502092117874,266.11275147375744,0
12.084955128391384,325.69539248294575,1
12.089268418487235,308.9790890969799,0
14.814851417927994,317.53150496367795,1
10.451865815347878,324.4593565073832,0
12.28836233082295,331.7360734280885,1
10.613174133884872,355.4849920978112,1
10.696511317703052,320.4909328464256,1
11.072483629594082,287.93711726907287,1
12.666401314901139,333.62868506013655,0
10.563754135009567,394.9940967447608,0
15.767268376720562,293.3683126808713,1
9.316178093341488,251.27353476646792,0
11.439385067515923,355.3540334643486,0
10.680806825177475,293.9809418023201,1
16.3409336530612,191.36652269929817,0
12.589664329534724,342.37108385752106,0
15.095533618405906,273.23359070230384,0
7.543318880889084,295.47333588479194,1
12.801150797607777,316.5990165284507,0
14.668892386870311,309.5249839889533,1
12.246851967826272,335.47259085695197,0
15.196441125196053,278.2256814715078,0
10.448134649698883,325.65528990880415,0
16.22804232055674,287.02266612080416,1
18.89669437085775,336.94052404437514,1
10.911484318681023,330.76837420065266,0
10.663492435797684,253.22806489777022,1
16.360153431353105,354.2991058087516,0
16.73871643719214,273.2018277442976,1
10.431419918540195,340.40288991405725,1
10.73943954871243,318.36436567006706,0
11.154646173418477,391.9091838397561,0
7.966648466897169,288.8267008814074,0
9.244044160547405,282.53416019409013,0
8.987577699743795,299.0290197056134,1
9.696607304687614,284.8410108582862,1
11.895945337839656,339.9970950971025,1
12.702644197609562,219.1844695781706,0
16.65150147844223,247.3158790426823,0
9.004937877783627,246.60985392104035,1
14.952967195429752,347.5153795986788,0
11.358033467323473,385.5306686290963,1
11.851608871042702,294.77753907312643,1
14.024458476499811,291.5589138404995,1
8.631833935313104,303.50260815565906,1
13.147229238552152,358.0939151304095,1
12.499356624639168,253.63234329047128,0
13.477353792024447,311.91844913673924,0
12.867505931723453,348.7598814891215,0
19.365900419732682,325.05470849699225,1
10.086780047246052,309.4790808299372,1
10.407009134994547,350.05230462835704,1
10.130578420725707,164.83838535003815,1
10.333568642519236,333.8937659765454,0
10.087838618080447,267.29621584362883,0
15.567049593322656,208.46835515717714,1
16.261512743969565,325.560129976249,1
10.287761118751572,368.68292725814786,1
9.502933280687314,293.12757426861543,0
13.414246669159212,347.64372736014695,0
10.343330867157086,380.6139128994323,0
13.898795453266532,365.74572267920234,1
12.608769062553899,381.99822646856967,1
7.452767655008304,337.1063745535946,0
16.642515603990184,303.77168194507965,1
17.387633019286564,219.90170940514156,0
10.161633928546841,287.69687559350257,1
10.836895320192047,257.8376702341904,0
12.857596172174715,408.54713587489067,1
13.003370369961075,291.2057093783832,0
13.975632818018491,306.1602403392243,0
18.03061361629905,327.57426880202337,0
11.469158317517852,302.1801223186227,0
9.605108266384638,384.75255202153767,0
7.862042315956418,268.8675319132774,0
9.807209880174243,309.73037276186216,1
11.90061908137861,262.8764707150976,1
17.383673590553364,233.99887443896472,1
10.447166102891487,269.41154545473574,0
12.671363854916695,298.1481601475794,0
11.950731311781745,278.534888774137,1
15.565179820344252,265.3789510063072,0
19.580797277620867,229.6841268164083,0
10.407393681239038,295.8447213685653,0
10.531681672445334,224.7639812984499,0
15.132482631207216,338.0027981844801,0
14.045674468878934,304.1219876467252,1
17.540121977208102,227.1224250267535,1
13.751784555977892,284.5395461475068,1
10.922123727638821,262.39217972047084,1
13.771964492076927,315.95872552095904,1
15.326110741748723,367.0225223011572,0
14.461446543592093,206.24137651771275,0
13.521822093321893,305.75130395737085,0
15.200024068767462,291.99336022166796,0
15.507886771337018,333.5670038225233,1
16.14647697311258,310.65983141188445,1
13.946129662768929,262.40153341305904,1
11.498645759049436,284.0473032166691,0
12.440141059299968,260.1987071598255,1
15.61952689952507,353.80035692992993,0
9.549192987038293,301.0655824335971,1
51.64857098369977,19.127540611371973,4
80.89538721694774,19.141748711148146,5
43.923389728819416,36.79373282956503,5
61.847405788957246,18.51205964841344,5
80.2360621922964,36.66312500909212,4
60.067998445599976,34.62591292853951,5
58.099609649985055,12.741932712094034,5
56.42554577189573,23.22435347664345,6
58.19608318237592,41.94109403047372,4
73.7284847467653,20.188344688603184,3
37.88138088670493,25.355957376906122,6
75.33433701296326,34.62060893251896,6
45.76042847549855,37.83390509282596,3
57.333476707655855,27.484611139555042,6
55.707555797013384,24.024898053083582,4
65.88553269770719,44.223698616985075,5
44.01875648116253,47.388996637975794,4
64.62172666081943,39.788580507817954,3
80.24309623286852,30.85318142565024,3
46.368259954071895,21.917342783590737,6
61.89706167610396,21.695555934434346,4
53.38017822203391,35.22514105265758,4
64.25887206193036,34.18398220888684,3
60.19147777415752,44.01598592946429,4
53.5851309095569,36.50450092536139,3
64.87872284871074,14.96919698240182,4
78.04348109786743,40.51947617722919,4
58.09096208272701,20.01939372685587,4
67.19757942148182,26.160287280476485,3
47.06727042128836,32.502002062516944,6
50.43563623181991,49.95667489783965,4
64.72406277880377,61.09918556005361,3
74.84116028535965,36.06723059136183,3
63.5561334878566,28.16803381279612,4
56.86941969476845,35.345056484805504,4
59.99291405423354,38.87655425873836,6
47.495922660302824,26.793323744428083,3
66.04515326355367,47.95211355912322,3
68.82333062323409,32.30070759191402,5
55.4790966716692,34.97743089091394,3
55.299578522404985,36.659242520544616,6
62.658782296520485,34.21586610614456,5
55.63280263959405,38.38940500469612,5
59.338673853741774,23.82746813453077,5
80.99721789166516,24.416982460539693,4
57.52974299254004,18.998457670283052,4
56.41659847978778,34.39501230620226,3
53.52458194364841,37.78936503512114,5
67.44191971499937,34.57772866151886,6
58.18775826781897,46.744924333475375,4
53.506269616785744,29.944039811709533,6
73.21304032273012,36.687416555925125,6
74.19603004513637,19.08299123860686,4
53.99576434261295,26.12900297525599,4
41.33460048639384,36.95537757565778,4
70.07513689836922,38.491021107431436,4
53.15370174239996,27.06033052335818,5
67.90625599162769,29.28400748141933,5
40.298961822881644,14.821262533191906,5
68.92597338299309,26.429707991933906,5
47.88828070719219,38.90383163519786,3
67.30764119066525,35.75205016106566,5
60.142730678364344,35.0066572138121,4
50.460605806033556,30.4977368718096,6
55.929636870732196,30.070631586281763,5
66.86318456956701,23.396788605265527,3
61.05894453115234,36.98828420202535,4
65.84412980472484,34.2097294438939,6
79.76440584515485,34.920188479927994,6
44.357583882889486,24.739651573324196,5
76.17212574968624,8.466570801287556,6
61.04355937523213,40.97152711753696,5
51.01215951676872,25.21162543991596,5
46.696863742610105,21.372242359568794,4
58.10879609222967,36.934789119139936,4
69.2165011192446,26.079873600808703,3
58.724508796224654,40.59936384046622,4
75.11154930247348,36.17005949576698,4
45.48824309948441,36.83569323200477,5
59.87911052153945,16.340442887994655,4
47.47606555586881,42.11943985386401,5
63.63631882624968,32.61250531233856,5
68.868873900973,26.30722860753797,4
55.792382063189464,31.43388467342251,3
33.95786143372866,12.237647671016802,3
61.98948146796494,34.08652811480671,6
64.3673855173351,19.706284918179286,6
64.04294754961698,16.473297141564657,4
72.35782191822155,14.77640813782109,3
49.28946320350951,41.12688374989925,5
66.8021610545045,23.707366063072115,6
71.92507512477975,45.33727709916499,5
42.21412415993483,24.64198536947702,6
63.19651825918977,12.926420424070532,4
54.958201689923285,18.83475560051341,3
59.18477326898354,42.35811620006939,6
63.476764835383364,28.441018220633325,3
55.12771435886448,24.517127035093992,5
53.24291920838388,31.600182258527877,4
60.34152417488025,35.01782736167545,3
