requests_per_min,session_duration,failed_login,fail_ratio,activity_score,iso_pred,svm_pred,lof_pred
13.4901424590337,318.43366544364505,0,0.0,0.04223143618972638,0,0,0
11.585207096486446,280.333059383632,1,0.07945836666280853,0.04117968617647811,0,0,0
13.943065614302078,301.43724114674086,0,0.0,0.046102343618248325,0,0,0
16.569089569224076,363.9225931303649,1,0.05691814570469881,0.04540439501728778,0,0,0
11.297539875829992,309.55495340099515,0,0.0,0.03637855314206619,0,0,0
11.297589129152458,302.32182740780746,0,0.0,0.03724621213613874,0,0,0
16.737638446522176,232.00719295100404,0,0.0,0.0718331405762298,0,0,0
14.302304187458727,337.312678301361,0,0.0,0.04227540114449559,0,0,0
10.591576842195144,332.2742090570538,1,0.08626953982307604,0.03178036750027049,0,0,0
13.627680130757897,408.162736165273,0,0.0,0.03330625916347688,0,1,0
10.609746921562614,284.61108825235,0,0.0,0.03714753158388737,0,0,0
10.602810739289229,310.95751638319695,1,0.08618601324020722,0.033987995744475454,0,0,0
12.725886814698102,312.46918418553776,1,0.0728550376015901,0.0405969309160732,0,0,0
6.260159266026607,378.8726639881737,0,0.0,0.016479625567954792,0,0,0
6.825246502460901,295.2352233806524,1,0.12779150147992369,0.023039955966649806,0,0,1
10.313137412277085,313.95107628851696,1,0.08839280948844429,0.03274520453719465,0,0,0
8.961506638996728,330.39482548582697,1,0.10038642107462521,0.027041782037058364,0,0,0
12.942741997785822,309.33045615781793,0,0.0,0.041706322215450925,0,0,0
9.275927773436369,277.6783192724736,0,0.0,0.03328543030420306,0,0,0
7.763088895994126,309.70449964491536,0,0.0,0.02498544084448752,0,0,0
16.39694630676466,353.6815874929886,1,0.05748135232280151,0.04623004656842751,0,0,0
11.322671098540392,248.674235029447,0,0.0,0.04534977787037167,0,0,0
12.202584614063772,306.6484837073438,1,0.07574274501787864,0.03966404926497769,0,0,0
7.725755441359629,264.99395925304134,0,0.0,0.029044852984838204,0,0,0
10.366851826424451,359.7523314462421,0,0.0,0.02873675628058769,0,0,0
12.332767769129598,223.84065476081128,1,0.07500318143359389,0.054851146836631365,0,0,0
8.547019267733091,272.0539076364206,0,0.0,0.0313015819539697,0,0,0
13.127094055037016,318.86059375322606,1,0.07078596603831981,0.04104004779396061,0,0,0
10.198083930243586,378.27620146171705,1,0.08930099169012458,0.026888277964555993,0,0,0
11.12491875062017,296.7124869463506,0,0.0,0.03736799509059537,0,0,0
10.19488016331181,272.24002366534006,1,0.08932654797656785,0.03731107919899148,0,0,0
17.556834553526812,394.0578534720295,0,0.0,0.044441173360371775,0,1,0
11.959508325786198,227.59930497918785,0,0.0,0.05231646844628428,0,0,0
8.8268672131323,190.0597021689959,1,0.101761830938718,0.04619952356737565,0,0,0
14.467634736309568,322.00072250266663,0,0.0,0.04479133862058196,0,0,0
8.337469050086934,274.89728878236946,1,0.10709540183061594,0.03021946713171079,0,0,0
12.626590785014264,248.93835914346437,0,0.0,0.05051881923321187,0,0,0
6.1209896283606735,335.41782236496766,0,0.0,0.018194605699932958,0,0,1
8.015441853304708,312.19003568856,0,0.0,0.02559290188042688,0,0,0
12.59058370760737,271.7960684631636,0,0.0,0.04615383124301702,0,0,0
14.215399739986232,235.9847800664553,0,0.0,0.05998444176879185,0,0,0
12.514104843569912,343.62286641400726,1,0.07399676201830013,0.03631246229765929,0,0,0
11.65305515283528,332.51005889793305,1,0.07903229598868233,0.03494064074511637,0,0,0
11.096688913232134,295.04120681103086,1,0.08266724945750534,0.03748359572225152,0,0,0
7.564434028897718,392.3318498023833,1,0.11676194791457861,0.019231684473805567,0,1,0
9.840467374815876,246.4957616836924,1,0.09224694521226626,0.03976014501368437,0,0,0
10.618083687120638,223.72374145376307,1,0.08607271447945944,0.047249496730657224,0,0,0
15.171366678656748,265.4045965059378,0,0.0,0.05694859201995263,0,0,0
13.030854868705385,297.72069918222513,0,0.0,0.04362220262733224,0,0,0
6.710879533911799,312.1669724661346,1,0.1296868918262935,0.021429078172148255,0,0,1
12.972251908184385,287.9381971071835,1,0.07157042447926666,0.04489628591187009,0,0,0
10.84475315875105,317.60276982571486,0,0.0,0.03403847733239561,0,0,0
9.969233999082125,237.4230287904778,0,0.0,0.0418132176646532,0,0,0
13.835028866522604,372.18823020366295,0,0.0,0.037072521978981775,0,0,0
15.092998567487854,295.89244108037155,1,0.06213882365094262,0.05083658752835017,0,0,0
14.793840357348596,355.8647915794064,1,0.06331582296478751,0.041455029205526996,0,0,0
9.482347430332084,317.1362673188852,1,0.0953984788852128,0.029805930365139458,0,0,0
11.072362872446355,322.8376609576892,0,0.0,0.03419109080673915,0,0,0
12.993790294210692,328.4883640116102,0,0.0,0.03943626456487802,0,0,0
14.926635381367078,322.3854280008658,1,0.06278790064911777,0.04615741492633711,0,0,0
10.56247728646413,332.1361379933772,1,0.08648665638207757,0.03170618879742826,0,0,0
11.443023070008548,366.4576265066216,0,0.0,0.03114106836969499,0,0,0
8.680995077981915,309.8260584850736,0,0.0,0.02792878795391858,0,0,0
8.411380127757987,335.4501878794256,0,0.0,0.02500037280636738,0,0,0
14.437577467182594,295.51321528563864,0,0.0,0.048691177063641206,0,0,0
16.06872008571247,372.0058607724736,1,0.05858670099330173,0.04307900163400939,0,0,0
11.783969635258998,266.1803848970365,0,0.0,0.04410492050080771,0,0,0
15.010598693676071,390.0470216455408,0,0.0,0.038385661730681135,0,1,0
13.084908075142902,297.99210246778284,0,0.0,0.043763390294072516,0,0,0
10.064640736184629,228.4612448940976,1,0.09037799092108847,0.04386205060828344,0,0,0
13.08418681652524,306.40522074553945,1,0.07100161429459892,0.04256332011796223,0,0,0
16.614109699397908,265.947417126256,0,0.0,0.06223738696651282,0,0,0
11.892521882670144,342.0321774494362,0,0.0,0.034668823114773636,0,0,0
16.693930967442018,267.36880103488045,0,0.0,0.0622051851894374,0,0,0
4.140764687730767,277.69082833926103,1,0.19452358953263416,0.014857915175773406,1,0,1
14.465707513125672,205.52296345272345,1,0.064659182203679,0.07004406324257066,0,0,0
12.261141204714514,277.3846840375461,1,0.07540829138026874,0.044043878516897284,0,0,0
11.102977948602398,178.80603366855215,0,0.0,0.06174975178568935,0,0,1
12.275282329606506,220.80485882571384,1,0.07532796479738907,0.05534271158258068,0,0,0
6.037293256197321,338.02073280721487,0,0.0,0.017808035532831102,0,0,1
11.340984336487464,339.2900079325416,0,0.0,0.033327409186624364,0,0,0
13.07133771453524,321.27287808924825,0,0.0,0.04055984416695266,0,0,0
16.433682134224547,251.65119284353932,1,0.05736022902682573,0.06504494180006315,0,0,0
10.445189345179058,297.614432192901,0,0.0,0.03497884971089275,0,0,0
9.574519191320435,299.8198730454716,1,0.09456694738620361,0.0318280806862556,0,0,0
10.49472886924639,242.08176554037288,1,0.08699639733786615,0.04317365741488884,0,0,0
14.746206353106222,375.1699150883575,0,0.0,0.039200918950795215,0,0,0
12.986253328979052,343.8681145287836,0,0.0,0.03765570889823502,0,0,0
10.410719388698883,288.9517913085168,1,0.0876368935152673,0.03590500110972443,0,0,0
13.539802299340067,301.34429194972654,0,0.0,0.044782728365817634,0,0,0
12.29123264804412,310.41914039737765,1,0.07523756648313244,0.039468456024765335,0,0,0
14.905934971598668,197.91325657878548,0,0.0,0.07493686055908864,0,0,0
9.893840718367944,287.64113087397016,1,0.09179499001797546,0.03427730721678716,0,0,0
11.017013560206696,265.90078760011005,1,0.08321535088480002,0.04127756107154385,0,0,0
10.823675540603528,249.91899950525425,1,0.08457606913906875,0.04313613381985799,0,0,0
7.609455155603644,285.9449853557023,1,0.11615136869016955,0.026518864395454842,0,0,0
12.888360831193728,389.8843263424761,0,0.0,0.03297231421835395,0,1,0
12.783165816539668,332.0421430633505,0,0.0,0.03838302774225208,0,0,0
12.015340369927385,271.4410505108602,1,0.07683241248999922,0.0441025328136019,0,0,0
11.29623859987456,328.629139067808,1,0.0813256827994702,0.034269538887916125,0,0,0
7.753887773848757,369.9677718293001,0,0.0,0.0209017827495179,0,0,0
10.738064031703924,346.23168414563844,0,0.0,0.030924781700508896,0,0,0
10.971856450419692,302.98151849600873,0,0.0,0.036093827363928216,0,0,0
9.593168192335144,267.6531611147213,0,0.0,0.035708376378413925,0,0,0
11.516142865001973,334.9111656806795,0,0.0,0.03428329880510531,0,0,0
13.212152570443616,319.6742692710875,0,0.0,0.04120116216519541,0,0,0
17.65855770363159,344.75966100138663,1,0.053594710581802686,0.05107176948429728,0,0,1
12.523733438495515,331.7585900840985,0,0.0,0.03763609358763774,0,0,0
12.772651172168294,352.47763576596674,0,0.0,0.03613425540908877,0,0,0
11.7766622527015,273.2382394219716,1,0.07826770248924439,0.04294318063565416,0,0,0
6.243686354102875,365.8697032817163,0,0.0,0.017018811578748433,0,0,1
11.92045837365235,309.87998023462,0,0.0,0.038344245791112126,0,0,0
12.18069062982308,403.76304363126326,0,0.0,0.030093386294722146,0,1,0
19.38972633745586,265.54060909552163,0,0.0,0.07274586189043732,0,0,1
11.422917105656632,386.79819015826246,0,0.0,0.029455828819095004,0,1,0
12.904642027000838,309.8955391731324,1,0.0719184282528196,0.04150796779304853,0,0,0
11.89586469088427,267.42909981927755,0,0.0,0.04431659868059489,0,0,0
8.493965887141403,275.8057082972839,1,0.10533006036543661,0.03068566013103693,0,0,0
15.42846844354506,283.982634590284,1,0.06086994679001327,0.054138275708365095,0,0,0
14.255799098060322,321.2082973200958,0,0.0,0.04424404714785475,0,0,0
14.37309584112914,326.14177440177497,1,0.06504870654124217,0.043935372874382615,0,0,0
9.271837635615784,271.31499980307103,0,0.0,0.0340482075622748,0,0,0
16.2083829328083,298.78227038695087,1,0.058111212651682106,0.05406718319894954,0,0,0
7.794446811623157,407.1135179305932,1,0.11370811847748657,0.019098722461206828,0,1,0
13.76057128140081,386.3771585050356,0,0.0,0.035522412664973725,0,1,0
18.571366877429934,321.8161834837016,0,0.0,0.05752923127030144,0,0,1
9.028391024607934,301.90017390841,0,0.0,0.029806490066056915,0,0,0
10.301106811191683,306.0015663359131,0,0.0,0.03355392265302152,0,0,0
12.298954095262925,330.67589863652086,0,0.0,0.037081241494550624,0,0,0
10.489573037651402,248.86037174007973,1,0.08703543610567545,0.0419817394995446,0,0,0
7.3480097068016015,287.1311731288328,1,0.11978903177187764,0.025502307254744932,0,0,0
12.205688924418082,216.5707963061205,1,0.07572493988942464,0.05609984948184299,0,0,0
8.813088858821686,319.961156130264,1,0.10190471261258667,0.027458428194484824,0,0,0
13.420777291905544,332.35979698513705,1,0.06934438967872454,0.0402591356644722,0,0,0
9.24172729729859,275.8406768850313,1,0.09763977998747976,0.03338283738244352,0,0,0
16.649803215052618,378.6993381645016,1,0.05665785549082785,0.04384996638534889,0,0,0
9.650240122991288,238.71171684988292,0,0.0,0.040257690570188756,0,0,0
11.033815451382972,226.781255989509,0,0.0,0.0484404013115599,0,0,0
14.44055165210901,311.2225909279986,1,0.06476452542182397,0.04625082255959862,0,0,0
8.307407050698135,352.3549151306077,1,0.10744130933061442,0.023510093379138466,0,0,0
12.682379803812388,384.1963845728934,0,0.0,0.0329244518166354,0,0,0
15.921428262847284,277.055786856553,0,0.0,0.057259834232693145,0,0,0
7.177550296316317,353.9340416715648,0,0.0,0.020222208787056845,0,0,0
12.553901575596912,298.07457652496464,0,0.0,0.041975823292853515,0,0,0
12.77964838274527,291.368635002959,1,0.07257079224548207,0.04371073655905644,0,0,0
14.345468615331932,344.18299687433364,0,0.0,0.04155902447464555,0,0,0
8.289147867365754,332.616143920671,1,0.10765250099130817,0.024846363158423146,0,0,0
8.038630160747172,221.18039215078755,1,0.11063623383361619,0.036180646198930015,0,0,0
13.565824696850694,373.8270174862948,1,0.06865385385396078,0.03619222751824904,0,0,0
12.890954019699558,369.0045677073726,0,0.0,0.03483998616442674,0,0,0
12.75147855103763,268.7218649245235,0,0.0,0.04727639916995935,0,0,0
13.039344628490928,319.7901766718704,1,0.0712283960869966,0.04064758080740297,0,0,0
9.959925835264528,324.70150931413696,1,0.091241493330403,0.030579919191158076,0,0,0
12.69676109148301,313.03368829119535,1,0.07300996150263767,0.04043120711211604,0,0,0
12.879217419896044,272.484742307729,0,0.0,0.04709300164688589,0,0,0
9.856945745920896,266.41883160309743,1,0.09210693535755336,0.036859579734274506,0,0,0
17.59732353343427,298.72229645042773,0,0.0,0.058712093634130956,0,0,1
13.421498762735364,358.63645096296824,1,0.06934092055563353,0.03731962854932459,0,0,0
8.426089508392053,327.18000772972164,1,0.10608853216487064,0.025675206624199684,0,0,0
13.969660825901489,281.4692833956947,1,0.06680178072369779,0.04945550418072258,0,0,0
9.075954989318037,338.58493553241726,0,0.0,0.02672661251915762,0,0,0
14.361253811227355,157.57286896849624,0,0.0,0.09056564281548386,1,0,1
15.475786737022212,357.43828501860514,1,0.06069512891623755,0.04317559642441354,0,0,0
9.537953044944867,213.014311061095,0,0.0,0.04456689367012495,0,0,0
14.890128387732965,281.8779529298434,1,0.06293215357353506,0.052637995409369594,0,0,0
13.238342780809496,244.0165052686928,0,0.0,0.05403041222178854,0,0,0
14.46618047998347,235.2659262139547,0,0.0,0.06122838240704827,0,0,0
17.690378947961843,358.04133936892595,0,0.0,0.049271147938161064,0,0,0
11.26383565199139,276.6149399344054,1,0.08154055781378813,0.040573593246288536,0,0,0
9.73879150692753,317.3251940865358,0,0.0,0.030593844558467673,0,0,0
9.33145671112343,297.6539710560408,0,0.0,0.031245044819351933,0,0,0
9.552569145103686,323.85204136115607,1,0.0947636529312857,0.02940590770209618,0,0,0
11.768694871757688,303.8410945530128,1,0.07831653979075341,0.03860599860728776,0,0,0
13.023455924449932,235.85038879057151,1,0.07130909851233586,0.05498600188478292,0,0,0
12.830072397990056,349.813340972357,1,0.07230620138657635,0.03657236170787765,0,0,0
14.481549747108073,275.3121708419344,0,0.0,0.052410104495151995,0,0,0
12.03900567563372,222.17090506701243,0,0.0,0.0539452294286243,0,0,0
16.36060223147195,278.5942419517044,0,0.0,0.058515519194054046,0,0,0
11.206029500286132,375.03798953171554,0,0.0,0.0298002590489358,0,0,0
20.16050749976885,342.5110871056746,0,0.0,0.05868953945456455,0,0,1
13.877002043295018,282.567393279607,1,0.06721784382967766,0.04893722752394111,0,0,0
9.428527330751152,282.53711478407854,0,0.0,0.03325323860310577,0,0,0
8.787322505816663,283.9182474391309,0,0.0,0.030841557481129604,0,0,0
13.447417245729556,403.83739917804206,0,0.0,0.03321683538386621,0,1,0
11.329611644022448,319.09677261157765,1,0.08110555537933854,0.03539433263130834,0,0,0
14.142001482276276,321.50208235955347,1,0.0660414675807885,0.04385088424486369,0,0,0
13.419712873720634,351.5141727015921,0,0.0,0.03806857684862673,0,0,0
11.781513262029382,311.93945795132566,1,0.07823799729338349,0.03764789949838115,0,0,0
9.459618845794786,287.04789270896487,1,0.0956057782547251,0.03284043759817576,0,0,0
7.455458325942406,290.1825075457511,1,0.11826680014871278,0.025604073502839077,0,0,0
10.660455143798936,296.4199370292968,1,0.08575994570261718,0.03584310873802938,0,0,0
14.569196382970418,298.13888817450794,1,0.06422939086912666,0.048703785963365685,0,0,0
12.642281232390612,336.381477181849,1,0.07330152362097028,0.03747177034729861,0,0,0
8.262783663864036,302.59729429036497,1,0.10795890698615786,0.027216262526903113,0,0,0
12.519542777553546,336.632003860779,0,0.0,0.03708043856741709,0,0,0
13.15595213918651,295.9641709945709,0,0.0,0.04430147951897883,0,0,0
9.3484276913966,303.9317595158045,1,0.09663303738705858,0.03065744186909489,0,0,0
12.461175317836584,200.08996577339465,0,0.0,0.061968160718068356,0,0,0
12.174626155338,345.8163837351241,0,0.0,0.03510395334909031,0,0,0
8.571089106508131,317.32442379489964,1,0.10448131752529834,0.026925640842534248,0,0,0
13.07336208104485,349.90050549298263,0,0.0,0.03725660657763371,0,0,0
13.682353579104705,155.18723109031555,1,0.06810897139973233,0.08760225457350518,0,0,1
15.249153729525831,404.4187352390364,1,0.061541666516634105,0.03761334246315695,0,1,0
15.161406156104707,293.02051859224133,1,0.06187580401982944,0.051565809858090596,0,0,0
7.866991896128727,355.40914083687585,0,0.0,0.02207292404918805,0,0,0
9.186524880254632,248.00470364372347,0,0.0,0.03689297730455218,0,0,0
13.54510580162598,330.6386952531285,0,0.0,0.04084295950835128,0,0,0
13.541357852736626,247.3292218413172,0,0.0,0.05452986061136847,0,0,0
13.545143058918145,268.81155196520973,1,0.0687514722921109,0.05020223545011406,0,0,0
23.558194471964164,395.7015676933393,1,0.04071960587907259,0.059385181180265124,1,1,1
13.7126715320795,290.4658799618327,0,0.0,0.047047261703068534,0,0,0
15.406696920541798,310.87164365898616,1,0.060950720601656426,0.04940076224880561,0,0,0
14.862005290479608,343.5033865344377,1,0.06304373133705869,0.04314037501919869,0,0,0
13.954173753917392,324.78409439863026,0,0.0,0.04283258143610605,0,0,0
11.054192266078964,307.5209452571788,1,0.0829586900496058,0.03582963308006314,0,0,0
14.276907661479802,318.24805012331126,0,0.0,0.04472042243003605,0,0,0
9.681524356387284,420.17077926191376,1,0.09361959647660449,0.02298717012930906,0,1,1
11.289544179779972,297.1190601483207,0,0.0,0.03786924651568128,0,0,0
10.543909356512687,310.0549523357484,1,0.08662576681060247,0.03389725602288993,0,0,0
12.245622418158968,352.5327198003806,1,0.07549664096034166,0.03463787573912072,0,0,0
18.943975700020527,355.2762966478992,0,0.0,0.053172147230278646,0,0,1
6.398204422224756,359.351515278019,0,0.0,0.017755453081107216,0,0,0
14.05878057112354,331.93651110145925,0,0.0,0.04222661108753933,0,0,0
7.161852386431045,242.84975436347585,0,0.0,0.029369938899982576,0,0,0
10.5842044026317,381.6715766150548,1,0.08632444363402461,0.027658715853042803,0,0,0
15.266851790902098,242.6827303490656,1,0.061474710217701185,0.06265052828747017,0,0,0
12.192840057286388,315.13177326195165,0,0.0,0.0385688535242018,0,0,0
8.76676566621208,262.2862074990321,1,0.10238804064476317,0.0332974740662946,0,0,0
9.854088872220096,296.7930826703504,0,0.0,0.03309038874864777,0,0,0
14.038793246804028,316.43812051517403,0,0.0,0.04422529097645962,0,0,0
9.80890010484859,316.06786077251365,1,0.09251635136783494,0.03093627995265711,0,0,0
12.649375768745925,321.0960377117642,1,0.07326342368636231,0.03927206263886282,0,0,0
12.13671551971144,380.68556345293234,0,0.0,0.031797680294523595,0,0,0
10.04519895718255,322.676715075699,0,0.0,0.031034666657542096,0,0,0
18.431832267975977,287.7921682354676,0,0.0,0.06382386468648113,0,0,1
13.901757066954032,348.20435841441787,1,0.06710618053340761,0.039809804007245916,0,0,0
5.924572240027178,359.47352444623203,1,0.14441325259335805,0.01643552671206199,1,0,0
12.559362944308283,238.6196092431504,1,0.07374977748639458,0.052413752714052124,0,0,0
10.014640605694836,329.8700034924929,1,0.09078825499608001,0.03026759905698752,0,0,0
14.557300004388672,335.0586371155449,0,0.0,0.04331773802731792,0,0,0
9.622437784701898,285.1218248320004,0,0.0,0.03363056205290113,0,0,0
11.655790675599302,368.785340665581,0,0.0,0.03152042386163797,0,0,0
13.51496183694137,292.4972206483737,0,0.0,0.04604800620286984,0,0,0
14.597265582510364,306.2788226735771,0,0.0,0.04750495154694428,0,0,0
8.399110778832672,291.34640878580655,0,0.0,0.028729994713177574,0,0,0
10.996496292477154,300.77895237907336,1,0.08335767174179738,0.03643891068540835,0,0,0
10.575164066517132,245.1862456552399,1,0.08639186401622137,0.04295595003031416,0,0,0
10.040012302278864,227.99745587028528,0,0.0,0.04384333556948331,0,0,0
17.29636272084329,379.7252531612486,0,0.0,0.045430038005694784,0,0,0
13.214945132882868,257.6519325840836,1,0.0703484952387709,0.05109161567384345,0,0,0
8.217348136994865,250.43038252718463,1,0.1084910741286192,0.03268239921683453,0,0,0
14.753585841164329,192.33049431981425,1,0.06347761138844889,0.07631277152148805,0,0,0
18.3664685910379,268.0519126155249,1,0.05163563998770347,0.06826366113696274,0,0,1
15.09739578165344,233.84551032962509,0,0.0,0.06428649949689477,0,0,0
7.441890102137959,382.10075800681847,0,0.0,0.019425412105307054,0,0,0
10.547297781401246,350.4908544671317,0,0.0,0.030007317821657675,0,0,0
15.800733447559868,265.5924827411138,0,0.0,0.059269238521267135,0,0,0
9.876991603143658,412.6217902672154,0,0.0,0.023879282560918143,0,1,0
13.331458284438686,349.0882743495797,1,0.06977656984745335,0.03808027649371254,0,0,0
14.32390216028801,283.7584308245689,0,0.0,0.05030194231233327,0,0,0
9.21920858526575,175.02971425632134,1,0.0978549357962826,0.0523730247714964,0,0,1
11.8214239318146,414.5471286295371,0,0.0,0.028447853726727285,0,1,0
2.276197979792782,230.5213766618202,0,0.0,0.009831480844715216,1,0,1
8.926837075997131,217.73006265215545,0,0.0,0.04081211776633285,0,0,0
11.24229554582052,351.12852160048203,0,0.0,0.03192668260645982,0,0,0
8.25665045410545,421.98762031696367,0,0.0,0.01951983948825351,0,1,1
16.897233911794906,369.2136409255259,1,0.05587455608662324,0.04564184579896136,0,0,0
7.709575866118102,328.195456002618,1,0.11481615355004707,0.02341944800737708,0,0,1
10.67986653990905,329.7377170832643,1,0.08561741665310046,0.03229104510393763,0,0,0
12.392221731858276,342.6707779390154,0,0.0,0.03605840975533068,0,0,0
16.323819867198345,337.94642948933824,0,0.0,0.04816047152876653,0,0,0
7.692413546461681,314.0595711984688,1,0.1150428468060011,0.024415743083760873,0,0,1
15.48949125646488,305.2100551975938,0,0.0,0.0505845284749702,0,0,0
12.03069918305876,296.8703436050239,0,0.0,0.040389046581325555,0,0,0
9.055474046856148,262.30177055666616,1,0.09944831992407666,0.03439199830563724,0,0,0
13.386310422789812,285.96624615666127,0,0.0,0.04664768279221915,0,0,0
12.59717908672041,215.35215929023076,1,0.07354466640633152,0.05822534486388751,0,0,0
10.199349368523617,295.0830186602625,0,0.0,0.034447599915301996,0,0,0
12.209406254970055,250.5704446424541,1,0.07570362972398921,0.04853275301207478,0,0,0
10.84405920941472,244.82053413921145,0,0.0,0.0441137240523348,0,0,0
12.340552035753744,308.9947075576739,0,0.0,0.03980891200685356,0,0,0
13.98639202356314,369.60011431723,1,0.06672720147902829,0.03773984810914258,0,0,0
16.758050448436055,345.91583030011566,0,0.0,0.04830581076089473,0,0,0
8.286553503519453,221.47496981884117,0,0.0,0.03724712721735438,0,0,0
18.3991001239688,250.51859317148316,1,0.05154878286155333,0.07315204769543401,0,0,1
6.143736601432495,347.0385593994108,0,0.0,0.017652459578140912,0,0,1
11.54464471489325,250.8756303230845,1,0.07971529068597537,0.045834703024205906,0,0,0
13.76495161945373,288.7683425001488,0,0.0,0.04750329694641043,0,0,0
12.842975603205096,327.5026049512276,0,0.0,0.039095506122734935,0,0,0
10.131901440538218,251.58277725681825,0,0.0,0.04011319200214676,0,0,0
11.375633248928176,305.268775307298,0,0.0,0.037142647785476386,0,0,0
10.5209971960235,233.2987252540898,1,0.08679804212999483,0.04490420161105785,0,0,0
10.231905729167366,269.9316178024393,0,0.0,0.03776563921243172,0,0,0
14.548806291063071,315.98909670712686,1,0.06431361876151008,0.0458968666184283,0,0,0
13.07104645789514,220.3503133234165,0,0.0,0.05905140255571693,0,0,0
9.921271214218038,322.02373689801993,0,0.0,0.030713752832814974,0,0,0
14.698799626299753,299.018110053666,0,0.0,0.048993041198981256,0,0,0
12.921898562629828,327.6244977208574,0,0.0,0.03932116641409382,0,0,0
14.43858635651688,311.1957067032331,1,0.0647727697929988,0.04624851029819545,0,0,0
13.888886525770836,368.2070214986922,1,0.06716418976456853,0.03761815381894094,0,0,0
9.513014967233785,306.26122513239534,1,0.09512019179243335,0.03096067511653882,0,0,0
10.319456879409092,278.52972294373734,1,0.08834346123258546,0.03691720784013424,0,0,0
14.241880815369786,306.11487515161417,0,0.0,0.04637313906836639,0,0,0
13.831110796300395,327.1649014518194,1,0.06742583301646218,0.04214683147134507,0,0,0
11.937295218107556,302.4430035162852,1,0.07729590947266628,0.039339497301894136,0,0,0
12.351982149926346,302.0295845601941,0,0.0,0.04076163773861735,0,0,0
15.832994687365275,264.9004156096622,0,0.0,0.05954482865723637,0,0,0
10.22528583349251,266.85495412245257,0,0.0,0.03817471238115655,0,0,0
13.641292143510114,229.8697364100153,0,0.0,0.05908653232610676,0,0,0
11.393422042698315,387.478837159347,1,0.08068796467632264,0.02932829527088226,0,1,0
11.34695639031834,237.80683823043572,1,0.08099161999018101,0.047515207162406044,0,0,0
15.296330555961571,265.3547401102046,0,0.0,0.05742841501387471,0,0,0
14.476249046964089,264.0796367215401,0,0.0,0.05461094343573077,0,0,0
14.440528908001916,344.74621884722205,0,0.0,0.0417662670502924,0,0,0
15.916436421462986,285.2525160853986,1,0.05911410506832484,0.05560278260301679,0,0,0
12.063011524898275,362.3871036336867,1,0.07655202616134775,0.033196036414815715,0,0,0
14.045858913884892,266.3254687878066,0,0.0,0.052542165090278,0,0,0
11.069199730219632,313.9497081111901,0,0.0,0.035145927889895845,0,0,0
12.972499057465326,258.2326473370121,1,0.07156915852255599,0.05004191868086967,0,0,0
11.609570836896946,407.2574563886694,0,0.0,0.028436886222708443,0,1,0
12.290987894978157,240.6200790485244,0,0.0,0.05086906660811814,0,0,0
13.78547107631074,315.49103551135136,1,0.0676339627488906,0.043557224469368286,0,0,0
9.545337950299585,331.6888440466049,0,0.0,0.02869148792065423,0,0,0
18.277161827056386,320.6899548725749,1,0.05187485631813569,0.05681607880574381,0,0,1
8.981947855500895,290.73561705611456,0,0.0,0.030787971472722993,0,0,0
8.357434161636803,293.5089650133287,0,0.0,0.02837752039656439,0,0,0
15.474332620500205,302.1905735989555,1,0.06070048620698768,0.05103830385231183,0,0,0
14.374988081888809,292.6498999185756,1,0.06504070082356452,0.04895281110558785,0,0,0
13.872359451156466,348.1939558397455,0,0.0,0.039726802881785456,0,0,0
13.88503652779284,410.5261500795676,1,0.06718156170680761,0.03374035046158841,0,1,0
11.963259681459256,272.1254107496083,0,0.0,0.0438013425723568,0,0,0
9.308236885542506,231.5098510210461,0,0.0,0.04003373123618729,0,0,0
12.22741367458118,295.58589758243727,1,0.075600568985128,0.04122722548256874,0,0,0
9.968514865463664,428.985466882716,0,0.0,0.02318337626090675,0,1,1
14.925359200253254,259.81627160151345,0,0.0,0.05722556767108792,0,0,0
11.558827855493584,381.9558402722034,1,0.07962526531188752,0.03018318730242531,0,0,0
9.523508409622464,383.885040703822,1,0.0950253433622595,0.02474377386090987,0,1,0
11.03584247504102,272.32058791460025,0,0.0,0.04037691620394582,0,0,0
13.238794362826871,328.4491539592637,1,0.07023066521774439,0.04018463609247527,0,0,0
10.308826341588077,381.4198311564269,1,0.08842650596928098,0.026956829907106215,0,0,0
9.533338813300706,281.04361295062563,1,0.09493665946995604,0.03380093849162826,0,0,0
12.731061634475736,289.8209819948819,1,0.07282758075232985,0.04377628308365931,0,0,0
12.734899713326168,270.9159543025678,0,0.0,0.046833955535965796,0,0,0
10.479170473886612,249.26216346535665,0,0.0,0.041872771851655576,0,0,0
10.586885083145033,267.5361227466997,0,0.0,0.03942443562101794,0,0,0
12.696149812072909,238.8029866618872,1,0.073013220045134,0.052944085429486254,0,0,0
7.655746975508028,301.7041734129613,1,0.11553017929354474,0.025291184093004713,0,0,0
7.777608676870335,261.5013384470679,1,0.1139262453833327,0.02962883436283374,0,0,0
9.844667336242692,311.6892955895374,1,0.09221121948646753,0.03148386425471258,0,0,0
11.35965854486446,222.20521768981865,1,0.08090838402776977,0.05089333781009826,0,0,0
12.932722696794016,316.54401161072286,1,0.07177348044328082,0.04072733927871466,0,0,0
16.426068650848656,341.6764480804462,1,0.05738528982274494,0.04793462971517814,0,0,0
14.572978869606056,200.31321787142724,0,0.0,0.07238957791094167,0,0,0
11.52018441010972,318.7028284923786,0,0.0,0.036034039687529225,0,0,0
11.942951376291932,361.3834496236646,1,0.0772621306321011,0.03295666893367976,0,0,0
8.992411906086573,239.51794906543967,1,0.1000759385620283,0.03738769576668864,0,0,0
11.94446059202283,383.6286193418852,1,0.07725312251452651,0.031054528943946696,0,0,0
11.134024083239584,320.95095046830227,0,0.0,0.0345829824917252,0,0,0
12.968155681014268,264.7494072120796,0,0.0,0.0487984369073874,0,0,0
9.518307169343032,297.2115461171147,1,0.09507233282886332,0.03191796995547908,0,0,0
13.558039542723517,327.9163456260861,1,0.0686905676458219,0.041220327669991716,0,0,0
16.598216739007732,303.80026957062057,0,0.0,0.054456043501503584,0,0,0
11.673719554629429,326.93779962231844,0,0.0,0.03559735891401935,0,0,0
13.205135166296824,253.9663203460317,0,0.0,0.051791684283536976,0,0,0
14.07043197513334,308.4680412018039,0,0.0,0.04546651059828831,0,0,0
10.796338584342491,229.314275154751,1,0.08477206659084195,0.04687654978002687,0,0,0
12.67227744543125,294.438696932565,0,0.0,0.04289308603443964,0,0,0
12.037777202345383,254.8046179267605,0,0.0,0.047058482758868425,0,0,0
12.293028295646495,263.22350287051165,1,0.07522740324922823,0.046525112876392966,0,0,0
9.6809706484336,361.8046587605219,0,0.0,0.026683699932375352,0,0,0
12.073530522776828,354.56550602971345,0,0.0,0.03395585431666671,0,0,0
13.49399487373635,330.45690604535883,0,0.0,0.04071115921141718,0,0,0
16.353430823385125,245.38436176637103,1,0.057625492628951544,0.06637365580406411,0,0,0
14.87781247825562,284.1795775152599,0,0.0,0.05216997867759136,0,0,0
18.45954737253467,360.6548849989592,1,0.05138865672751497,0.05104188589236889,0,0,1
9.697957311335852,307.08584568199524,1,0.09347578896584045,0.03147810081916596,0,0,0
14.616961910162034,415.9664769990847,0,0.0,0.03505548459281565,0,1,0
12.550026017215057,319.6658919697186,0,0.0,0.039137389823798885,0,0,0
18.56940879965302,309.6024558245016,0,0.0,0.059785131931298106,0,0,1
9.575105143934548,284.54417678987494,0,0.0,0.033532832823204926,0,0,0
9.480834473457673,306.67704523911414,1,0.09541225009635093,0.030814240516674075,0,0,0
10.201822063667931,292.3765081809728,0,0.0,0.03477382059975578,0,0,0
5.628312827070579,335.4054338344295,0,0.0,0.016730742910177534,0,0,1
10.422734934957717,347.8351158397292,0,0.0,0.029878686123292694,0,0,0
9.722602015338907,260.7005269746025,1,0.09326094529755735,0.03715163331055297,0,0,0
12.451181359428624,233.4383523221111,0,0.0,0.05311068447674928,0,0,0
13.02526792733148,208.1897313448352,0,0.0,0.062265331302807606,0,0,0
17.628512517647657,325.3995663456272,1,0.053681151356161874,0.05400899491079801,0,0,0
14.851271514558151,244.83166969130636,1,0.0630864217474023,0.06041236075566286,0,0,0
10.269289033012791,192.35547035237585,0,0.0,0.05311093094132678,0,0,0
9.304755985954928,319.42893022654823,0,0.0,0.029038439130250573,0,0,0
13.475757514519517,424.6499758716395,0,0.0,0.031659246513344834,0,1,1
8.039300378938073,299.6964544230053,0,0.0,0.02673560083827517,0,0,0
17.49437629756306,341.9245387225821,0,0.0,0.05101523607126757,0,0,1
15.538320362163862,304.09146792737823,1,0.0604656324282958,0.05093003900673647,0,0,0
10.592473043685883,295.05551734044286,1,0.08626287041872173,0.03577867130746727,0,0,0
6.860596412727368,345.9538241493884,0,0.0,0.019773802550086293,0,0,0
16.061617122496237,285.48627279056745,0,0.0,0.056064177058277063,0,0,0
11.656380464242146,313.3696157035952,1,0.07901153120556725,0.037078584831278405,0,0,0
15.713448935920386,316.0848903098007,0,0.0,0.04955596881506373,0,0,0
7.216717023616899,266.59547731784755,0,0.0,0.026968755585674364,0,0,0
10.20187493113868,349.6021174768261,0,0.0,0.029098155494776772,0,0,0
12.01573109915455,291.2520121652296,0,0.0,0.04111428013833915,0,0,0
12.140941781294226,262.2127420253578,0,0.0,0.046125965209254854,0,0,0
10.64980358556227,326.82549217852016,1,0.08583835707232962,0.03248619719836439,0,0,0
13.868549797042496,255.0766009104481,0,0.0,0.054157817417657905,0,0,0
8.797138711852217,301.4090578684564,0,0.0,0.02909019582237132,0,0,0
11.57286154493612,299.5440501677898,0,0.0,0.03850637381932913,0,0,0
12.360886895135696,354.2947782915789,1,0.07484533084132838,0.03479051100771179,0,0,0
13.543316502176246,323.73491164399763,1,0.0687601070808272,0.04170576065755319,0,0,0
14.13484463426667,298.7486520627428,1,0.06607269675804327,0.04715565703797725,0,0,0
8.626073724486393,340.8883149600143,1,0.10388451497688439,0.025230677232988375,0,0,0
7.397657487793133,369.5103774508657,0,0.0,0.019966127639094684,0,0,0
15.833030465695527,327.8905153175931,1,0.059407009453106265,0.04814073294392927,0,0,0
12.996942035938774,300.517630992169,0,0.0,0.04310508142814484,0,0,0
9.75454039033034,234.40818838249203,0,0.0,0.04143670811688644,0,0,0
16.653455926567567,246.74431684623136,1,0.056646132301780644,0.06722033481358906,0,0,0
12.347023902878576,284.7387647822666,1,0.07492306953794609,0.0432108814927055,0,0,0
15.537891552191478,269.52438989203586,1,0.060467200237958235,0.05743619478595822,0,0,0
12.202555444230327,290.6514348507277,1,0.0757429123645159,0.04183951795222886,0,0,0
18.18224377464596,302.8324962448553,1,0.052131544763378786,0.059842985853603654,0,0,1
17.266022527329614,326.48463771783656,0,0.0,0.052723152596263645,0,0,1
11.25310755456278,296.47506109704545,1,0.08161194991123885,0.037828742729097795,0,0,0
14.914712852863063,324.3250821913101,1,0.06283493828920071,0.04584556700147806,0,0,0
13.936127848755444,303.223720740506,1,0.0669517568493045,0.04580881403604473,0,0,0
16.105894672597046,201.22667168230643,0,0.0,0.07964278172910369,0,0,0
9.105229618259688,253.03323030906228,1,0.0989586617797428,0.03584267147720033,0,0,0
14.05815437999532,292.7956222139192,0,0.0,0.04785011524017625,0,0,0
15.175273460548762,239.5152628579446,1,0.06182275696537584,0.06309484595791214,0,0,0
6.723781540730657,329.9964364998102,1,0.1294702594482497,0.020313758093086033,0,0,1
8.450224462002675,376.5375416171848,0,0.0,0.022382474669422482,0,0,0
5.882303466719698,360.9380925848658,1,0.14530018980354967,0.01625223646593772,1,0,0
11.191779496666326,289.3278564534896,0,0.0,0.03854876219381741,0,0,0
14.152626767387886,374.5363068424976,0,0.0,0.037686440723622476,0,0,0
16.507071156288085,307.4333728601056,0,0.0,0.05351908259219117,0,0,0
12.222284341259323,283.14570144409805,1,0.07562989678565311,0.043014144782562894,0,0,0
16.885846636713875,269.329866822953,1,0.055910129406305124,0.062463858822424945,0,0,0
7.859695625355326,284.8765156755936,1,0.1128706946927304,0.027493323845720632,0,0,0
6.889852681934536,280.5911590729386,0,0.0,0.024467574566678443,0,0,0
11.833356903310143,308.5208111187744,1,0.07792193480897171,0.03823121573162734,0,0,0
13.152196346817922,308.0286990524932,0,0.0,0.04255978938895841,0,0,0
11.90191575571772,300.1523010076707,1,0.07750786929118117,0.03952125126022054,0,0,0
5.79767369988037,321.8469084873175,0,0.0,0.01795796567185689,0,0,1
11.732639881461637,359.5323137393171,0,0.0,0.032542547323358435,0,0,0
8.08659149848544,347.4777067720662,0,0.0,0.02320547725532053,0,0,0
14.009017646490117,225.75510157750483,1,0.06662661231755242,0.061780385751108835,0,0,0
13.099794738290544,172.30394325490226,0,0.0,0.0755885555299965,0,0,1
9.180360641017934,346.71599556196367,0,0.0,0.026401893379052147,0,0,0
10.45839924798992,231.6560650792289,0,0.0,0.04495218830606633,0,0,0
8.822359434333144,288.7617299053658,0,0.0,0.030446944933737334,0,0,0
11.811962708180484,241.494348697032,0,0.0,0.048710259730374725,0,0,0
14.865426961503715,209.900978120999,0,0.0,0.07048533911006832,0,0,0
9.042821860993367,327.0731364102394,1,0.09957360728303179,0.027563432836773816,0,0,0
13.512139546553533,337.9577580151324,1,0.06890782691222733,0.039863786053099565,0,0,0
10.409227144882678,271.174479963664,0,0.0,0.03824468460919751,0,0,0
9.621381503212968,170.4478853927545,1,0.09414971109902229,0.056118402867274875,0,0,1
11.678908920136326,272.6877775873759,1,0.07887113996156443,0.042672380268818505,0,0,0
8.894273032741879,319.5902002701273,0,0.0,0.027743433907984772,0,0,0
10.339052083958451,226.0544215612936,0,0.0,0.04553556813764762,0,0,0
8.406366322233454,309.1679959889578,0,0.0,0.027102623194343776,0,0,0
17.89417539874917,299.23450754135024,1,0.052926363754736916,0.05960066198015119,0,0,1
12.105790655915186,328.9645749800544,0,0.0,0.03668815252863721,0,0,0
9.900823476022245,305.9790184207077,1,0.09173618875671438,0.03225244359356636,0,0,0
12.641939732202664,251.34655295592225,0,0.0,0.05009753287341654,0,0,0
11.663015850927511,359.82857508322456,1,0.07897012937299248,0.03232287201266545,0,0,0
11.33709120140033,292.0735213486515,0,0.0,0.038683437347836316,0,0,0
13.842500100130277,298.63477302450343,0,0.0,0.046197909409527275,0,0,0
14.272523130141916,253.3366020463402,1,0.0654770656740009,0.05611666985918707,0,0,0
10.408496557168418,277.8358874404245,1,0.08765396868807045,0.03732839647261071,0,0,0
10.27254527806596,255.75986429865492,1,0.08871110963251512,0.04000837633298194,0,0,0
11.174844908545069,291.35269700382884,1,0.08213656991212573,0.03822384750703605,0,0,0
5.094236505793246,385.5854240071172,1,0.16408946371697083,0.013177518316622975,1,1,1
7.454426813404343,231.4049428534322,1,0.11828122971205071,0.0320751646754154,0,0,0
16.100622802333575,219.3219301061629,0,0.0,0.07307771311995784,0,0,0
16.93490314050385,373.5585163746805,1,0.0557572010378812,0.04521297047098358,0,0,0
11.252891881330864,289.5338161424067,0,0.0,0.03873178010994493,0,0,0
13.729670889167298,266.54636306700417,0,0.0,0.051316978230531385,0,0,0
12.933750463630608,351.9952343698038,1,0.07176818636232687,0.03664001438070688,0,0,0
21.236642425365712,269.7192230131568,0,0.0,0.07844526956378574,0,0,1
15.358724734303731,391.3004856773469,1,0.061129459431702,0.039150409686047986,0,1,0
11.6162472255577,333.89629356696344,1,0.07926287287508312,0.034686102679231355,0,0,0
9.133378678198724,275.60442959271484,0,0.0,0.03301963996616805,0,0,0
7.1806610392272825,407.8654106632752,0,0.0,0.017562407706679252,0,1,0
12.61039090760167,269.7142538498331,1,0.07347327543997877,0.04658192440283079,0,0,0
9.73094776414709,337.1047686004654,1,0.09318841373369423,0.02878086518692684,0,0,0
7.733238871206978,314.9646290203246,0,0.0,0.024475014482426553,0,0,0
10.06028134727242,365.0870644699399,0,0.0,0.02748057039884426,0,0,0
8.755355989156815,378.0755598363426,0,0.0,0.023096598453713934,0,0,0
17.061424905217695,301.6002074532883,0,0.0,0.056382727060262934,0,0,0
14.644919270848352,262.3291064826908,1,0.06391851454697693,0.05561451017117621,0,0,0
11.976082076050147,322.9986071469558,1,0.07706486396581078,0.03696337518703642,0,0,0
16.43983241667008,266.11423151239467,1,0.05734000052914142,0.061546074589841675,0,0,0
12.232104922942854,400.6693623763312,1,0.07557376591430454,0.030453168871471897,0,1,0
9.416147396015209,306.8267665541369,0,0.0,0.030589111861262425,0,0,0
16.56937223180897,281.7339224343946,0,0.0,0.058604118278922535,0,0,0
13.616730131053975,309.2340152932454,1,0.06841475425994559,0.043891802509737385,0,0,0
8.88826153702063,232.6436855235152,1,0.10113001120127164,0.03804195057574568,0,0,0
11.428983965749175,251.4192980744674,1,0.08045709953088057,0.04527777413586443,0,0,0
9.373145239845728,360.0206953972213,1,0.09640277629187734,0.025962902845590916,0,0,0
7.851600807106992,267.1552860514302,1,0.11297391531677471,0.029280052326102993,0,0,0
14.778532642594923,247.65445086590304,1,0.06337724949786845,0.059434016126117296,0,0,0
17.72824992141039,326.8326376263643,1,0.0533952720727411,0.054077135363244516,0,0,1
7.804297278542577,359.28520773314983,1,0.11358089900452968,0.021661442410155614,0,0,0
13.688907710071712,335.9476655332533,1,0.0680785814532916,0.04062621323821208,0,0,0
10.04807229263452,349.80238429029083,0,0.0,0.028643112882379064,0,0,0
10.538623848705912,262.16024557152696,1,0.08666544755353583,0.0400464128835961,0,0,0
10.222818227283392,228.90946666290785,0,0.0,0.0444645380447602,0,0,0
9.408027690960552,375.06668259777433,0,0.0,0.025016913558979104,0,0,0
12.14556488383448,283.8660080578932,1,0.07607128402901361,0.04263606236011894,0,0,0
9.507149650766888,287.4583491772476,1,0.09517328992520943,0.03295848318443047,0,0,0
12.811370477339516,366.4097070924529,0,0.0,0.034869439293599654,0,0,0
11.84928567165259,327.811500470033,0,0.0,0.036036712994266154,0,0,0
11.283155859400772,322.7943886040804,1,0.0814123024609072,0.03484666892481961,0,0,0
9.277309013875207,408.2501172450542,0,0.0,0.022669044242008277,0,1,0
10.269686008295002,267.8240884809928,1,0.08873361682516749,0.03820225362364102,0,0,0
14.26617367747727,346.3920064040619,1,0.06550429866229909,0.04106649955809249,0,0,0
13.502751562873142,302.85065624485424,1,0.06895243262388823,0.04443877702864699,0,0,0
9.067334265604346,313.42961394316285,0,0.0,0.028837405459027094,0,0,0
12.297996916287678,376.4234213206266,0,0.0,0.03258408519867757,0,0,0
14.254161370115368,325.3917878144812,1,0.06555588181721438,0.04367193631175958,0,0,0
6.991784156635885,326.91480395248163,0,0.0,0.021321953362157656,0,0,1
13.630080577139806,353.6253668654901,0,0.0,0.03843515396999142,0,0,0
10.01212872316246,281.7523635228557,0,0.0,0.03540953150106259,0,0,0
13.711796005779478,258.0395166330497,0,0.0,0.05293322109307106,0,0,0
9.71022253037245,247.7595402989483,0,0.0,0.03903457338240427,0,0,0
6.585353698006443,201.68217053119992,0,0.0,0.032491035993680195,0,0,0
7.117372686350512,402.8103564970161,0,0.0,0.017625532807262475,0,1,0
12.144254839984146,244.83958171391583,1,0.07607886579907532,0.0493991030871361,0,0,0
12.779167505164445,288.9373188207114,0,0.0,0.04407562143825542,0,0,0
9.287050124686775,286.15933500555394,0,0.0,0.032341104719814016,0,0,0
13.91577737633212,315.370334890455,0,0.0,0.04398572129447767,0,0,0
7.015439813193121,340.7868606269648,0,0.0,0.02052577387066367,0,0,0
11.80176060405805,343.02367441798725,0,0.0,0.03430508270695046,0,0,0
8.36695140071263,270.8461280715531,0,0.0,0.030778262173777767,0,0,0
10.044491676593523,291.6439143106794,0,0.0,0.034323254936817156,0,0,0
12.142196013949242,314.12899752441496,0,0.0,0.03853087500463524,0,0,0
9.418759904148144,287.56544369082263,1,0.09598071259918929,0.03263994393673719,0,0,0
10.846333367310525,380.36727880099966,0,0.0,0.028440650182183627,0,0,0
15.018878427643322,324.5487475819125,0,0.0,0.04613403841728609,0,0,0
10.269324391430557,336.74388930249086,0,0.0,0.03040565563640183,0,0,0
14.507076336195423,333.14406343337066,0,0.0,0.04341563392488096,0,0,0
8.610879436027146,358.67369287426624,1,0.10404875086159343,0.02394080970230234,0,0,0
13.589412533745849,309.05107793518533,1,0.06854285583377419,0.04382959293109327,0,0,0
16.3247058619737,235.15840260220767,1,0.057721037688432994,0.06912608521269314,0,0,0
4.585066499618132,319.9843975876321,1,0.17904889763951298,0.014284390562523716,1,0,1
9.60931423358857,267.4321553104086,1,0.09425679907133384,0.03579792526151193,0,0,0
13.73121638154162,273.5691659125122,1,0.0678830569112413,0.05001004514074566,0,0,0
11.390863841871022,329.3182009377547,1,0.08070462340331874,0.0344845176848657,0,0,0
13.113437620113926,361.91415357168177,1,0.07085445990669478,0.03613371782570557,0,0,0
10.188044439852538,301.06357883680306,1,0.08938112512656236,0.03372814583964414,0,0,0
12.2597693624187,315.4416506299482,1,0.0754160930456479,0.038742590736753124,0,0,0
11.532968293823762,385.1107472317619,1,0.07978955795274766,0.029869586320789798,0,1,0
15.503346184979424,312.03765897442844,1,0.06059377224421029,0.04952549873958094,0,0,1
12.763262529903638,430.0841557090197,1,0.07265719140554687,0.029607357080687503,0,1,1
13.012807986225608,328.2754822815772,1,0.07136328428841571,0.03951951689830892,0,0,0
10.764369101632598,211.96186204220916,1,0.08500243331036131,0.05054599447247082,0,0,0
10.53718132778252,337.6670810552266,1,0.08667628353832962,0.031113686322717077,0,0,0
10.702325436541138,319.0579192441389,0,0.0,0.0334387146608219,0,0,0
13.18335642713489,364.4876377041373,1,0.07050517309759274,0.0360705946443169,0,0,0
10.73704655753921,333.6590675634979,0,0.0,0.032083536943166714,0,0,0
12.86932457068924,293.0772008008113,1,0.07210156449243041,0.04376172153313606,0,0,0
18.22620239593632,238.7850881855317,1,0.05201235165460245,0.07601057486040978,0,0,0
14.613374110295076,289.5488371356988,0,0.0,0.050295758380440536,0,0,0
11.021929403496475,257.473977289535,1,0.08318132359928503,0.04264231749391944,0,0,0
15.603641766491837,270.97382750976385,0,0.0,0.057371850480471935,0,0,0
10.775773880935343,329.42892022103047,0,0.0,0.032611473214049225,0,0,0
5.885626394466438,383.4952252175703,0,0.0,0.015307410881724215,0,1,0
8.975741067247789,319.73357649114905,1,0.10024317925444014,0.027985037193308894,0,0,0
6.3876242369224325,240.2058468982408,1,0.13536151378708783,0.026482045601561328,0,0,1
10.945459547876071,322.23013341100705,1,0.083713815780139,0.033862744888200895,0,0,0
12.055255137568656,359.83157433228257,0,0.0,0.03340964592657075,0,0,0
17.02931193682585,269.51085478403087,0,0.0,0.06295241627335667,0,0,0
12.980782121292489,293.2991416663541,1,0.0715267566094902,0.04410744131903978,0,0,0
11.342698413573409,300.73440973645984,1,0.08101956043099039,0.03759166355431693,0,0,0
14.488216743550469,260.755084345888,1,0.0645652121582309,0.055350278218112746,0,0,0
5.366594072976344,332.41402169219293,1,0.15706985376130728,0.01609588596705981,1,0,1
12.7068436743257,293.95259256961094,1,0.07295625628773317,0.04308096960133277,0,0,0
14.3125955816609,320.9766221953514,0,0.0,0.04445228192057088,0,0,0
7.564241262660476,255.625391109895,0,0.0,0.0294758099732276,0,0,1
15.431262129620787,278.1270849838295,0,0.0,0.0552840013018255,0,0,0
13.015489222483245,336.11906789138857,1,0.0713496321195716,0.03860798887435377,0,0,0
10.754136258297596,281.3583423954116,0,0.0,0.038086837339615834,0,0,0
13.898345598318857,386.3481925616703,0,0.0,0.0358807550034097,0,1,0
18.81207857341319,280.0181907192699,0,0.0,0.06694256526690823,0,0,1
12.545598765175486,311.2342362875943,0,0.0,0.04018008695760039,0,0,0
12.744661758901008,346.6295415936545,0,0.0,0.03666161886148989,0,0,0
10.621917301379268,229.0817133533484,1,0.08604432247003872,0.04616584754420113,0,0,0
9.450466891605624,211.9595594009612,0,0.0,0.044376814631797025,0,0,0
14.491007449632736,223.71718427149528,1,0.06455358073071665,0.06448553321193816,0,0,0
9.4317485222734,363.1292051713591,1,0.09586120657192272,0.0259022028124188,0,0,0
12.214698711658178,272.40709270537764,1,0.07567331059298288,0.04467586627249896,0,0,0
10.56702765970465,427.9099642834126,1,0.08645263324506772,0.024636936745825358,0,1,1
13.436939477239177,271.78762006713055,1,0.06926675848274964,0.049257878616091405,0,0,0
13.000986315860844,309.22756515985185,0,0.0,0.04190790173388296,0,0,0
15.112619832773698,377.1054976283938,0,0.0,0.0399693205403391,0,0,0
10.46995080343576,400.3046444079562,1,0.08718433209848254,0.026089782287175005,0,1,0
11.190375194119886,403.0751788318199,1,0.08203192962283533,0.02769379506672799,0,1,0
9.06370885265308,360.4183115296571,1,0.0993669445968095,0.025078167219286938,0,0,0
10.667120219771665,351.2031262905731,0,0.0,0.030286841380763676,0,0,0
13.131901479134555,329.62634746005915,1,0.07076188589882813,0.039718254700560236,0,0,0
14.270965849936056,338.9180538083319,0,0.0,0.04198354776996624,0,0,0
9.233504027467124,272.44071418357333,1,0.09771823974622583,0.033767846368585215,0,0,0
14.60881776031698,259.09005582888466,0,0.0,0.0561683056807379,0,0,0
16.066913576414855,299.8312771294524,1,0.05859290231491663,0.053408388016452854,0,0,0
13.240304709671102,291.49076887375355,0,0.0,0.0452674276205481,0,0,0
17.630387437674198,277.33859753363623,1,0.053675749006583146,0.06334151136025476,0,0,0
9.67863240268928,334.81937237283574,0,0.0,0.02882094720832186,0,0,0
8.266035890065748,347.76526042852555,0,0.0,0.02370085793495982,0,0,0
6.663839253287164,304.42034431459234,0,0.0,0.021818583396079224,0,0,0
16.48813293446755,373.8765040527631,0,0.0,0.04398283903156246,0,0,0
13.963096969062171,242.9155442933248,0,0.0,0.0572456216741587,0,0,0
11.833245987268636,290.3170270360141,0,0.0,0.040619822698539865,0,0,0
12.839905878959462,264.15888396985974,0,0.0,0.048423442151834355,0,0,0
8.62353285810487,206.673169146347,1,0.10391194322756504,0.04152454018760545,0,0,1
19.33725593885048,295.86596570786503,1,0.04917084207460305,0.06513800223862498,0,0,1
12.387663545925683,293.9126245808358,1,0.07469563277935332,0.04200452104596225,0,0,0
12.328184383814678,375.67248716210656,1,0.07502897402997877,0.032729187301936025,0,0,0
14.177299871696077,331.54058422773886,1,0.06588787257639188,0.042633292127696565,0,0,0
13.44302769521014,248.79065878353973,0,0.0,0.05381717539269321,0,0,0
12.671652072837396,392.70462831670943,0,0.0,0.03218568226392271,0,1,0
9.628576633664064,361.0516847762676,0,0.0,0.02659448094990667,0,0,0
13.414405071407987,329.1048851734308,0,0.0,0.04063679658772792,0,0,0
17.6460734894251,288.6757950575084,0,0.0,0.060916630904290364,0,0,1
16.036260138464932,252.028038163826,1,0.05869832885107059,0.06337740376456646,0,0,0
16.77955987991819,281.3896611964474,1,0.05624436188262954,0.059419880348400254,0,0,0
10.466352970706446,354.4374309852093,1,0.08721168819368637,0.029446400570968506,0,0,0
9.031185539224255,394.2293152967304,1,0.0996891141221313,0.02285049511685088,0,1,0
11.622639239701057,377.1621764136095,0,0.0,0.030734536568218184,0,0,0
12.167174736866084,275.5575289106863,0,0.0,0.04399509492578468,0,0,0
15.282574555412848,244.01912833554945,0,0.0,0.06237298556741099,0,0,0
6.922606110855542,307.0443123455602,1,0.12622109265659462,0.022472760682202924,0,0,0
16.58865095838184,211.57803172185743,0,0.0,0.07803558450520823,0,0,0
11.525976304263033,316.1583857092391,1,0.07983409641767122,0.03634138910906706,0,0,0
10.71935679015774,292.6198706850666,0,0.0,0.036507599997056064,0,0,0
8.963686874219498,276.6981749065879,0,0.0,0.03227852281432783,0,0,0
7.035429984402692,220.26484663666025,1,0.12444884740966779,0.03179641995258106,0,0,0
14.469511751885744,325.68000532848583,0,0.0,0.04429261514593232,0,0,0
12.219953901565212,273.36495801690444,0,0.0,0.04453904751499754,0,0,0
8.130117300776838,241.5041582144856,1,0.1095276179983925,0.0335256820362893,0,0,0
8.114763683809151,156.38688933591754,0,0.0,0.05155933710901081,0,0,1
10.992645902129617,298.62425474746817,1,0.08338443477451653,0.03668810427712046,0,0,0
17.007064575868178,388.6125798334872,0,0.0,0.043651220356223264,0,1,0
11.221225945909186,383.0629607273935,0,0.0,0.029217152116561357,0,0,0
7.490571140645681,277.1451871706864,0,0.0,0.026930435923915596,0,0,0
11.262770807742168,269.889396981911,0,0.0,0.041577008673005594,0,0,0
11.181829290756989,323.4387128037512,0,0.0,0.03446515119643177,0,0,0
3.9093400711752846,250.08072804058543,0,0.0,0.015570052316175248,0,0,1
11.837115400446564,315.0895949909733,0,0.0,0.037448608204849645,0,0,0
11.307196409373963,338.30401391923454,0,0.0,0.03332467623582386,0,0,0
14.088619094440254,361.34666119421536,1,0.06627511727487857,0.03888160318079721,0,0,0
17.546868284836037,294.9922961760024,1,0.05391745844324577,0.05928150330778322,0,0,1
15.379695088643272,289.81631249115173,0,0.0,0.052884568121023844,0,0,0
11.193333928335509,256.1008706621719,0,0.0,0.04353674065555166,0,0,0
8.680422273774989,258.655982298007,1,0.10330127877882737,0.033430472877811354,0,0,0
19.72007940974958,288.67605540492366,0,0.0,0.0680763185006226,0,0,1
12.177655302043464,318.3682753408089,0,0.0,0.03813044764401933,0,0,0
12.04178787573884,345.6792313116625,1,0.07667660366262077,0.034734667635493134,0,0,0
11.92762473866999,259.8410524659828,0,0.0,0.04572755946928835,0,0,0
12.594254282303565,374.6344284479761,0,0.0,0.033527955183287515,0,0,0
11.566918764228172,286.4438199478716,1,0.07957400049775984,0.04024062429425636,0,0,0
10.279013979359291,298.9316352825782,0,0.0,0.034271189731870065,0,0,0
10.359423176278824,262.63941604260884,0,0.0,0.03929390882357498,0,0,0
11.901740189352005,178.7879869863529,1,0.07750892401517391,0.06619875103365735,0,0,1
10.369725686598706,344.2022698180525,0,0.0,0.030039564027386983,0,0,0
9.861462651968507,336.84219485462165,1,0.09206863127396218,0.02918955299888469,0,0,0
12.31929068307569,285.9336221440893,0,0.0,0.04293428769699676,0,0,0
11.235068347737434,303.3495358612436,0,0.0,0.036915017188853635,0,0,0
16.511978965748064,325.7969608852049,1,0.05710376890903733,0.05052672130432781,0,0,0
4.047090574820964,221.87270715567288,1,0.19813395166491005,0.018158753606354047,1,0,1
15.274520555767385,273.5473661326853,0,0.0,0.05563528352475763,0,0,0
15.738255577492886,339.7132339810914,1,0.059743382180437676,0.04619208767912524,0,0,0
5.779829302775552,237.28552884153757,1,0.14749633882236773,0.024255897245943122,1,0,0
10.971937217758953,314.6778966083315,0,0.0,0.03475674836801158,0,0,0
10.885677402012623,232.17090976882972,0,0.0,0.04668540090530547,0,0,0
7.777464915846536,323.3214991216763,0,0.0,0.02398072572095706,0,0,0
9.666549937227376,298.2179258851258,1,0.09375102595356492,0.03230605221472763,0,0,0
8.668272463602513,219.2434092047245,1,0.10343109420681222,0.03935769290396803,0,0,0
17.256811330270867,358.2369677228586,1,0.05477407757081551,0.04803740394441816,0,0,0
14.807035179442384,263.2704211600976,1,0.06326297048421427,0.05602986181519019,0,0,0
15.814665284982476,259.48737814928097,0,0.0,0.060711829484188504,0,0,0
14.165016192129706,310.0284598615472,1,0.06594124182465279,0.04554250822717378,0,0,0
8.612844686348312,357.43186747143574,0,0.0,0.024029238100696192,0,0,0
10.42643920116068,249.20890905108016,1,0.08751632791241051,0.041670935062636486,0,0,0
13.468123683683752,303.0839924923986,0,0.0,0.044290801279256505,0,0,0
8.333616573324164,321.44082501652866,0,0.0,0.02584541387678491,0,0,0
14.138995290517164,334.6552803631572,0,0.0,0.042123559847530745,0,0,0
11.279023805525595,308.8220777638613,1,0.08143969877719409,0.03640484205299981,0,0,0
10.875537577351208,281.6486080458339,0,0.0,0.038477237346195056,0,0,0
14.132879904610474,258.62048896756403,0,0.0,0.054436689341480216,0,0,0
13.33278993445812,304.30719415231874,1,0.0697700869525656,0.0436700811177294,0,0,0
10.91710150254276,246.3930494007197,0,0.0,0.044128570018390344,0,0,0
15.477989410092745,153.93247582526962,1,0.06068701557651817,0.09990151727484543,0,0,1
8.756810017200308,321.8279902078834,1,0.10249251530337243,0.027125312187339788,0,0,0
13.84780682083279,345.19674205430977,0,0.0,0.03999981842307577,0,0,0
13.779303773905152,181.85337822290808,0,0.0,0.07535711895411329,0,0,1
11.07136068205803,249.5134647645031,1,0.08284070258014288,0.044194673098572716,0,0,0
12.978399066726354,330.9577130502599,0,0.0,0.03909654319362468,0,0,0
8.246659270844091,402.8747734855849,1,0.10814716652890292,0.02041885211020349,0,1,0
14.772081057620705,301.0396853837704,1,0.06340317402292471,0.04890774879086289,0,0,0
11.445293590671032,263.5998529385433,1,0.08035166006445987,0.04325510185876539,0,0,0
10.431830938442882,290.855177944758,0,0.0,0.03574317581721098,0,0,0
15.147027677510668,368.7438209574093,1,0.06193090270061187,0.040966276700146534,0,0,0
9.886968928371722,267.70179104377326,0,0.0,0.03679532201838234,0,0,0
7.774616110909321,260.0403996674873,0,0.0,0.029783191110696314,0,0,0
7.330112479428289,275.8628238908984,0,0.0,0.026475611194072123,0,0,0
13.81802985403692,252.3335695870644,0,0.0,0.05454480381956648,0,0,0
8.15871194251115,306.13351579973977,1,0.10918565910544605,0.026564056095495857,0,0,0
17.264382545953094,381.233922923478,0,0.0,0.045167060039852526,0,0,0
5.754211776348834,316.1539636558015,1,0.1480557662556113,0.018143275619262707,1,0,1
17.089369104870116,287.3823248936856,1,0.05528108770420162,0.059259419283654934,0,0,1
12.633052401607856,285.4094365542228,0,0.0,0.04410836651751234,0,0,0
11.709860664388822,221.84045956516715,1,0.07867906867003305,0.052548180376393486,0,0,0
10.365242739573151,344.155488857358,1,0.08798756198299706,0.030030647271139826,0,0,0
13.197408343056212,296.1081401493599,0,0.0,0.04441954480419727,0,0,0
11.887095892725457,290.97600432046875,1,0.07759700155288538,0.040712578146245015,0,0,0
15.309905646049565,459.6553783922431,1,0.06131243317414352,0.033235052414851744,0,1,1
12.34268294598612,314.9376454182843,1,0.07494744528129779,0.03906683209481123,0,0,0
12.450905284385632,262.4104474952408,1,0.07434443844912368,0.047268076884500146,0,0,0
10.909163363358433,278.6821201897228,0,0.0,0.03900558017780394,0,0,0
11.829163128836798,357.4222854598377,1,0.07794740700991215,0.033003425313413694,0,0,0
12.923405306676177,305.66352052688825,1,0.0718215104691743,0.04214197138437616,0,0,0
6.869494822030124,228.08610108413168,1,0.1270729599059608,0.029986519433177258,0,0,0
7.955443733682861,345.96144672876017,1,0.11166392528812832,0.022928898321957054,0,0,0
14.229792282068145,266.5927957230503,0,0.0,0.053177038057465154,0,0,0
12.512596314383826,393.6648888108773,1,0.07400502292335372,0.03170435645310176,0,1,0
11.448049990941962,354.00240328573244,0,0.0,0.03224780983166392,0,0,0
12.05530179919618,277.6339052170624,1,0.07659723347502931,0.043265738926512955,0,0,0
13.042745116085014,364.0508180867556,0,0.0,0.03572857385840828,0,0,0
10.380720959071915,303.39277552637014,0,0.0,0.03410304643768595,0,0,0
9.665085823793062,342.638683756111,0,0.0,0.028125721231817474,0,0,0
12.587535765293044,324.23664086472377,0,0.0,0.03870269884667945,0,0,0
9.064881667154904,257.6821672504563,0,0.0,0.03504254569808934,0,0,0
13.224758267143416,267.8225083841269,1,0.07029996441555121,0.049195130075366474,0,0,0
6.892249187286479,351.49804087905807,1,0.12670659228688405,0.01955258863311302,0,0,0
15.08746691197693,283.26123339467296,1,0.062160190008254915,0.053076062225584045,0,0,0
13.41779244723913,279.81757683790016,0,0.0,0.04778117024699081,0,0,0
12.768089202941628,252.24387103253235,1,0.07263172000558688,0.05041815681810284,0,0,0
14.948072951836542,321.17995327967304,0,0.0,0.04639665751909973,0,0,0
16.99642333338773,403.1262459621572,0,0.0,0.04205721232710853,0,1,0
15.04311019505439,246.6233542872864,1,0.06233205331396839,0.060749965359090295,0,0,0
6.477377306005064,301.2109728336379,1,0.1337367313532383,0.021433296234318902,0,0,1
8.161269099792896,370.6110277707714,0,0.0,0.02196185928267765,0,0,0
10.125544266912964,296.01793043771426,0,0.0,0.03409068352200484,0,0,0
12.0782731506325,322.6185898124867,1,0.0764626941555841,0.03732255664803118,0,0,0
13.552977061407368,246.880323592656,1,0.06871446273710359,0.0546754855931167,0,0,0
9.822768560539604,321.4153548603824,1,0.09239779954697117,0.030466193413130775,0,0,0
12.560300293431236,290.64278674977254,1,0.07374467956911038,0.043067412821726624,0,0,0
9.733851202940032,349.2864997839931,0,0.0,0.0277882567810706,0,0,0
10.165446591024155,359.3693025782376,1,0.08956202439801153,0.0282084143080339,0,0,0
7.780016709455333,429.47818210093067,1,0.11389499964425863,0.018072964050083302,0,1,1
9.230300261667288,328.9816586606788,1,0.09774884161973019,0.027972161541132308,0,0,0
7.944946183150999,316.2898158291083,0,0.0,0.02504002897915303,0,0,0
9.072380241068002,309.7192150788668,0,0.0,0.029198001928413885,0,0,0
15.160925389823518,282.3416853594656,0,0.0,0.053507571152438746,0,0,0
9.151803333504173,316.9241921730846,0,0.0,0.02878611807094485,0,0,0
19.89714619451217,285.22992949304853,1,0.047853424132267945,0.06951455506331108,0,0,1
13.479953702642668,308.4230488134807,0,0.0,0.04356480150503702,0,0,0
12.55450837108462,365.879876780398,1,0.07377619111094186,0.034219670158140966,0,0,0
9.42492665945636,249.67287173601795,1,0.09592393622193099,0.0375985107370601,0,0,0
14.100929638226974,356.99392805645226,1,0.06622108863209111,0.039388739677180755,0,0,0
10.27308652128668,365.85575336699327,1,0.0887068504363668,0.0280030677643748,0,0,0
12.366029443936084,294.0965736504461,0,0.0,0.041905025500513435,0,0,0
19.680253614806382,193.90725504957027,0,0.0,0.10097240151374126,1,0,1
11.71182030082605,269.6089006452784,0,0.0,0.043279508814745994,0,0,0
15.447819978857028,364.84972732805545,1,0.060798330799185396,0.04222449499054855,0,0,0
9.890470724622338,298.8565968850559,1,0.09182339545150177,0.03298400244438729,0,0,0
11.895034528509116,250.03488838525448,1,0.07754923011560302,0.047383989552297695,0,0,0
17.31240190690653,274.7612539385891,1,0.05460780104563179,0.06278040029061491,0,0,0
10.119098826636698,342.03100132522763,1,0.08993534598365287,0.02949907963870234,0,0,0
17.437345673990787,327.33667841006894,0,0.0,0.05310812595908884,0,0,1
14.123255806366426,288.0533950415153,1,0.06612332772808291,0.048860369913101956,0,0,0
10.312599672317198,281.6587794092656,0,0.0,0.03648427157956923,0,0,0
13.897223217166562,280.4120925478089,1,0.06712660375845526,0.04938388784698572,0,0,0
14.91766334888019,253.87949077507488,1,0.06282329121317609,0.05852830019204909,0,0,0
13.86542988665159,380.7687844734721,0,0.0,0.03631891985557309,0,0,0
7.2893258403286305,283.883976539433,0,0.0,0.025586998359381784,0,0,0
9.818588472525397,360.8579260412748,1,0.09243350022413495,0.027133821773480934,0,0,0
11.257444093345486,376.0658025961226,1,0.08158307656837659,0.029855383372974293,0,0,0
11.77669971269986,349.91554490739804,1,0.07826747301621356,0.0335599259810721,0,0,0
13.862016292652031,278.4189843640976,1,0.06728562129853219,0.049610144866138,0,0,0
12.53310300279976,320.1865045168305,0,0.0,0.03902126280695898,0,0,0
7.993966923869696,298.7902196804542,1,0.11118564349464445,0.026665202528589657,0,0,0
13.14059355301789,254.8149069634936,0,0.0,0.05136758333982912,0,0,0
13.83175723585147,316.21796408608014,1,0.06742289427329556,0.04360332264189833,0,0,0
13.67937134379312,241.04801044200988,0,0.0,0.05651511581860508,0,0,0
15.242342176663865,359.38396942307816,0,0.0,0.04229472859479465,0,0,0
14.501766463646712,276.7691351350803,1,0.06450877726387545,0.05220798364294305,0,0,0
13.37754023768531,310.05798279364194,0,0.0,0.04300658069450693,0,0,0
11.789502865624058,314.1643935773071,1,0.0781891220094117,0.03740747084975573,0,0,0
7.017117199452025,287.05475131479614,0,0.0,0.024360359158886007,0,0,0
13.288854657397758,329.33469007376374,1,0.06998461556065103,0.040228456340538614,0,0,0
12.623063061489333,276.2548171688738,0,0.0,0.045528742080613596,0,0,0
12.81473651158612,343.5648648728622,1,0.0723864692722385,0.03719107145853223,0,0,0
8.169754272539071,232.70101598766257,1,0.10905417640194884,0.03495814615102215,0,0,0
8.756830378775213,306.31897897732057,0,0.0,0.02849427135257223,0,0,0
15.159458559998711,396.94644995291424,0,0.0,0.038094217354602375,0,1,0
11.881334538430036,249.98343376972127,0,0.0,0.047339118602270885,0,0,0
14.044502092117874,266.11275147375744,0,0.0,0.052578927867087163,0,0,0
12.084955128391384,325.6953924829457,1,0.07642364763102832,0.03699150770552189,0,0,0
12.089268418487237,308.9790890969799,0,0.0,0.03900027080441221,0,0,0
14.814851417927994,317.53150496367795,1,0.06323170376842001,0.046509846552281624,0,0,0
10.451865815347878,324.4593565073832,0,0.0,0.032114196769484404,0,0,0
12.28836233082295,331.7360734280885,1,0.07525381797277271,0.03693125967443002,0,0,0
10.613174133884872,355.4849920978112,1,0.08610910234112516,0.029771727756137525,0,0,0
10.696511317703052,320.4909328464256,1,0.08549557836843771,0.033271580081584186,0,0,0
11.072483629594082,287.93711726907287,1,0.08283299697741014,0.03832143040065989,0,0,0
12.66640131490114,333.62868506013655,0,0.0,0.037852108562136104,0,0,0
10.563754135009567,394.9940967447608,0,0.0,0.026676544478435666,0,1,0
15.767268376720562,293.3683126808713,1,0.059640006799699455,0.05356306265822188,0,0,0
9.316178093341488,251.27353476646792,0,0.0,0.03692887603911986,0,0,0
11.439385067515923,355.3540334643486,0,0.0,0.0321011802681346,0,0,0
10.680806825177475,293.9809418023201,1,0.08561052459531675,0.03620846404489128,0,0,0
16.3409336530612,191.36652269929817,0,0.0,0.08494686821679923,0,0,0
12.589664329534724,342.37108385752106,0,0.0,0.03666489381720535,0,0,0
15.095533618405906,273.23359070230384,0,0.0,0.055046260305846216,0,0,0
7.543318880889084,295.47333588479194,1,0.1170505296527024,0.025443498513540455,0,0,1
12.801150797607775,316.5990165284507,0,0.0,0.04030601523119339,0,0,0
14.668892386870311,309.5249839889533,1,0.06382072039999115,0.047239008592597324,0,0,0
12.246851967826272,335.472590856952,0,0.0,0.03639776998368613,0,0,0
15.196441125196053,278.2256814715078,0,0.0,0.05442350805667815,0,0,0
10.448134649698885,325.6552899088041,0,0.0,0.031985199604806044,0,0,0
16.22804232055674,287.02266612080416,1,0.058044900366119145,0.05634293487773729,0,0,0
18.89669437085775,336.94052404437514,1,0.05025960500577814,0.05591721923345428,0,0,1
10.911484318681024,330.76837420065266,0,0.0,0.032888862131511626,0,0,0
10.663492435797684,253.22806489777025,1,0.08573761294093972,0.04194459191626097,0,0,0
16.360153431353105,354.2991058087516,0,0.0,0.04604614299299519,0,0,0
16.73871643719214,273.2018277442976,1,0.05637386467846881,0.06104524019731026,0,0,0
10.431419918540197,340.40288991405725,1,0.08747819668299797,0.030554574160652655,0,0,0
10.73943954871243,318.36436567006706,0,0.0,0.03362754490839865,0,0,0
11.154646173418476,391.9091838397561,0,0.0,0.028389884055160648,0,1,0
7.966648466897169,288.8267008814074,0,0.0,0.027487627753651992,0,0,0
9.244044160547404,282.53416019409013,0,0.0,0.03260292923512108,0,0,0
8.987577699743795,299.0290197056134,1,0.10012437750803704,0.029955694647678915,0,0,0
9.696607304687614,284.8410108582862,1,0.09348758643890444,0.03392307939148376,0,0,0
11.895945337839656,339.9970950971025,1,0.07754375300163309,0.03488576738301,0,0,0
12.702644197609562,219.1844695781706,0,0.0,0.05769091808312043,0,0,0
16.65150147844223,247.3158790426823,0,0.0,0.0670577392901243,0,0,0
9.004937877783627,246.60985392104035,1,0.09995064559276683,0.03636744554057686,0,0,0
14.952967195429752,347.5153795986788,0,0.0,0.04290475563129621,0,0,0
11.358033467323471,385.5306686290963,1,0.08091902345499814,0.029384559594215053,0,1,0
11.851608871042702,294.77753907312643,1,0.07781126939314222,0.040069333554474444,0,0,0
14.024458476499811,291.5589138404995,1,0.06655813928762416,0.04793721132060882,0,0,0
8.631833935313104,303.50260815565906,1,0.10382238800169813,0.028347323484666464,0,0,0
13.147229238552152,358.0939151304095,1,0.07068521921415769,0.03661223062991075,0,0,0
12.499356624639168,253.63234329047128,0,0.0,0.04908785923703555,0,0,0
13.477353792024449,311.91844913673924,0,0.0,0.043069859988137386,0,0,0
12.867505931723452,348.7598814891215,0,0.0,0.03678954223377293,0,0,0
19.36590041973268,325.05470849699225,1,0.04910168366683617,0.059394635056807726,0,0,1
10.086780047246052,309.4790808299372,1,0.09019751413291538,0.03248779280163812,0,0,0
10.407009134994547,350.05230462835704,1,0.08766539836741158,0.02964518106785247,0,0,0
10.130578420725708,164.83838535003815,1,0.08984259058252972,0.061087054118037325,0,0,1
10.333568642519236,333.8937659765454,0,0.0,0.030856258588112855,0,0,0
10.087838618080449,267.29621584362883,0,0.0,0.037599630640932885,0,0,0
15.567049593322656,208.46835515717717,1,0.0603607778420033,0.07431695151108494,0,0,0
16.261512743969565,325.560129976249,1,0.057932350126691956,0.049796381282529126,0,0,0
10.287761118751572,368.6829272581479,1,0.0885915275385098,0.02782860759909444,0,0,0
9.502933280687314,293.12757426861543,0,0.0,0.03230888264834581,0,0,0
13.414246669159212,347.6437273601469,0,0.0,0.03847551416091412,0,0,0
10.343330867157086,380.6139128994323,0,0.0,0.02710417654474482,0,0,0
13.898795453266532,365.7457226792024,1,0.0671195200401756,0.037897634774663756,0,0,0
12.6087690625539,381.99822646856967,1,0.07348203172553024,0.03292122049444692,0,0,0
7.452767655008304,337.1063745535946,0,0.0,0.022042671229870397,0,0,0
16.642515603990184,303.77168194507965,1,0.05668125920624559,0.05460650247351127,0,0,0
17.387633019286564,219.9017094051416,0,0.0,0.07871207998393995,0,0,0
10.16163392854684,287.69687559350257,1,0.08959261756850974,0.0351982816151251,0,0,0
10.836895320192047,257.8376702341904,0,0.0,0.04186753539539694,0,0,0
12.857596172174716,408.5471358748906,1,0.0721625877659752,0.0313946675385919,0,1,0
13.003370369961075,291.2057093783832,0,0.0,0.04450074024091961,0,0,0
13.975632818018491,306.1602403392243,0,0.0,0.045499485228244256,0,0,0
18.03061361629905,327.57426880202337,0,0.0,0.054875306219316515,0,0,1
11.469158317517852,302.1801223186227,0,0.0,0.0378295193952871,0,0,0
9.605108266384638,384.75255202153767,0,0.0,0.024899662273260497,0,1,0
7.862042315956418,268.8675319132774,0,0.0,0.029132968535403158,0,0,0
9.807209880174245,309.73037276186216,1,0.09253082072871495,0.03156180000366525,0,0,0
11.90061908137861,262.8764707150976,1,0.07751565980608244,0.0450992051285523,0,0,0
17.383673590553364,233.99887443896472,1,0.05439609200382344,0.07397343341347941,0,0,0
10.447166102891488,269.41154545473574,0,0.0,0.038634319719311846,0,0,0
12.671363854916695,298.1481601475794,0,0.0,0.04235815406207247,0,0,0
11.950731311781745,278.534888774137,1,0.07721571669781027,0.04275219942737768,0,0,0
15.565179820344252,265.3789510063072,0,0.0,0.05843246908790367,0,0,0
19.580797277620867,229.6841268164083,0,0.0,0.08488142443023135,0,0,1
10.407393681239038,295.8447213685653,0,0.0,0.03506005979576479,0,0,0
10.531681672445334,224.7639812984499,0,0.0,0.04664907843967777,0,0,0
15.132482631207216,338.0027981844801,0,0.0,0.04463822337823994,0,0,0
14.045674468878934,304.1219876467252,1,0.06646428527138742,0.04603298037354563,0,0,0
17.540121977208102,227.1224250267535,1,0.05393707771876196,0.07688907381705701,0,0,0
13.751784555977892,284.5395461475068,1,0.06778840866373474,0.04816070047570174,0,0,0
10.92212372763882,262.39217972047084,1,0.0838776733780845,0.041467152666529804,0,0,0
13.771964492076927,315.95872552095904,1,0.06769580312329879,0.04345034032251701,0,0,0
15.326110741748725,367.0225223011572,0,0.0,0.04164449133688396,0,0,0
14.461446543592093,206.24137651771275,0,0.0,0.06978069141688066,0,0,0
13.521822093321893,305.75130395737085,0,0.0,0.04408073223773815,0,0,0
15.200024068767462,291.993360221668,0,0.0,0.05187839088663198,0,0,0
15.507886771337018,333.5670038225233,1,0.060577105589088506,0.04635211062105646,0,0,0
16.14647697311258,310.65983141188445,1,0.058321018455750516,0.05180801420563456,0,0,1
13.946129662768929,262.40153341305904,1,0.06690695334264479,0.05294627363045375,0,0,0
11.498645759049436,284.0473032166691,0,0.0,0.04033943008508005,0,0,0
12.440141059299968,260.1987071598255,1,0.07440398099899743,0.047627115748654685,0,0,0
15.61952689952507,353.80035692992993,0,0.0,0.04402342498942242,0,0,0
9.549192987038293,301.0655824335971,1,0.09479398103994228,0.03161297924147809,0,0,0
51.64857098369977,19.127540611371973,4,0.07597547141855793,2.566064676303202,1,1,0
80.89538721694774,19.141748711148143,5,0.06105349971366008,4.016304064610508,1,1,1
43.923389728819416,36.79373282956503,5,0.11130059486121952,1.1621871257569805,1,0,1
61.847405788957246,18.51205964841344,5,0.07955777867411254,3.169701553981574,1,1,0
80.2360621922964,36.66312500909212,4,0.049239215836576075,2.1303612531601375,1,1,1
60.067998445599976,34.62591292853951,5,0.08187594365736504,1.68607604712019,0,0,0
58.099609649985055,12.741932712094034,5,0.08460292766081348,4.227906719325777,1,1,0
56.42554577189573,23.22435347664345,6,0.10448311669223041,2.329290060364249,1,1,0
58.19608318237592,41.94109403047372,4,0.06757203829983965,1.3552538540605485,1,0,0
73.7284847467653,20.188344688603184,3,0.040145334274690456,3.4796717643744244,1,1,0
37.88138088670493,25.35595737690612,6,0.15431550688704154,1.4372986093799702,1,1,1
75.33433701296326,34.62060893251896,6,0.07860158658325764,2.114908735998295,1,1,0
45.76042847549855,37.83390509282596,3,0.06415681159919086,1.1783627828856227,1,0,1
57.333476707655855,27.48461113955504,6,0.10285689005079553,2.012787762022138,1,1,0
55.70755579701338,24.024898053083582,4,0.07053733746377883,2.22608522435715,1,1,0
65.88553269770719,44.22369861698508,5,0.0747545814219313,1.456880677887809,1,0,0
44.01875648116253,47.388996637975794,4,0.08885185448589067,0.9096852495308098,1,0,1
64.62172666081943,39.788580507817954,3,0.04571656603164636,1.584309281085018,1,0,0
80.24309623286852,30.85318142565024,3,0.03692621452290601,2.5191548423559222,1,1,1
46.368259954071895,21.917342783590737,6,0.1266670974576136,2.0232825590614487,1,1,0
61.89706167610396,21.695555934434346,4,0.06359597560532294,2.7272767344813955,1,1,0
53.38017822203391,35.22514105265758,4,0.0735562135097834,1.473567160012971,0,0,0
64.25887206193036,34.18398220888684,3,0.04597076083621265,1.8263672281445087,1,0,0
60.19147777415752,44.01598592946429,4,0.06536857983333892,1.3371133949719942,1,0,0
53.5851309095569,36.50450092536139,3,0.05496002207946986,1.4287653371577442,1,0,0
64.87872284871074,14.96919698240182,4,0.06071763123255935,4.062741722092075,1,1,0
78.04348109786743,40.51947617722919,4,0.050605058689753464,1.8796836637517444,1,0,1
58.09096208272701,20.01939372685587,4,0.06769224698694232,2.763683997626719,1,1,0
67.19757942148182,26.160287280476485,3,0.043989831097363236,2.4741115116917474,1,1,0
47.06727042128836,32.502002062516944,6,0.12482506178138791,1.4049091852319076,1,0,0
50.43563623181991,49.95667489783965,4,0.07776709482064223,0.9897748691988961,1,0,1
64.72406277880377,61.09918556005361,3,0.04564538272834086,1.0422691086054863,1,0,1
74.84116028535965,36.06723059136183,3,0.03955635684781472,2.0190653332164685,1,0,0
63.5561334878566,28.16803381279612,4,0.06196157954150746,2.1789652979617125,0,1,0
56.86941969476845,35.345056484805504,4,0.06912113549950823,1.5647085242127334,0,0,0
59.99291405423354,38.87655425873836,6,0.09837208293843665,1.5044658489038574,1,0,0
47.49592266030282,26.793323744428083,3,0.06186087067595277,1.7088968234619528,1,1,0
66.04515326355367,47.95211355912322,3,0.04474596378662954,1.3491787884456894,1,0,1
68.82333062323409,32.30070759191402,5,0.07160930244046856,2.0667227695769914,1,1,0
55.4790966716692,34.97743089091394,3,0.053116996850001805,1.5420527619074762,1,0,0
55.299578522404985,36.659242520544616,6,0.10657273389022334,1.46841983059635,1,0,0
62.658782296520485,34.21586610614456,5,0.07854375813709673,1.7792770482389928,0,0,0
55.63280263959405,38.38940500469612,5,0.08828805510155556,1.4123798679609743,1,0,0
59.338673853741774,23.82746813453077,5,0.08286559317030691,2.390041285410485,1,1,0
80.99721789166516,24.416982460539693,4,0.048782142892760165,3.186736191733804,1,1,1
57.52974299254004,18.99845767028305,4,0.06834132178762213,2.876708991315218,1,1,0
56.41659847978778,34.39501230620226,3,0.05224969920598975,1.5939137975635598,1,0,0
53.52458194364841,37.78936503512114,5,0.09170175766166425,1.3798777550286148,1,0,0
67.44191971499937,34.57772866151886,6,0.08766557140689131,1.8956218469321529,1,0,0
58.18775826781897,46.744924333475375,4,0.0675815424855319,1.2187213422186076,1,0,1
53.506269616785744,29.944039811709533,6,0.11007907974961179,1.729130066480151,1,1,0
73.21304032273012,36.687416555925125,6,0.0808483249562046,1.942638870300059,1,0,0
74.19603004513637,19.08299123860686,4,0.05319429759255911,3.6944710657695476,1,1,0
53.99576434261295,26.12900297525599,4,0.07273287402791195,1.9903335331512841,0,1,0
41.33460048639384,36.95537757565778,4,0.09448536076974633,1.0890314660682834,1,0,1
70.07513689836922,38.49102110743144,4,0.056278470567276216,1.7744574572467169,1,0,0
53.15370174239996,27.06033052335818,5,0.09232979166935176,1.8942649908615075,1,1,0
67.90625599162769,29.28400748141933,5,0.07256235196710607,2.2423140673601862,1,1,0
40.29896182288165,14.821262533191906,5,0.1210684186552543,2.5471394421486426,1,1,1
68.92597338299309,26.429707991933903,5,0.07150418875993889,2.5128219885994323,1,1,0
47.88828070719219,38.90383163519786,3,0.06136439974168811,1.2000922905095537,1,0,0
67.30764119066525,35.75205016106566,5,0.07319825297500226,1.8313982729042293,0,0,0
60.14273067836434,35.0066572138121,4,0.06542069606020098,1.6703225273379079,0,0,0
50.46060580603356,30.4977368718096,6,0.11659404132581204,1.6020390928846602,1,0,0
55.9296368707322,30.070631586281763,5,0.08782771636772066,1.8000804623304192,1,1,0
66.86318456956701,23.396788605265527,3,0.04420659034833061,2.7406551596358883,1,1,0
61.05894453115234,36.98828420202535,4,0.06445485062982469,1.607309880236628,0,0,0
65.84412980472484,34.2097294438939,6,0.08976106080710611,1.8700549775494963,1,0,0
79.76440584515485,34.920188479927994,6,0.07429015216806609,2.2206009829187496,1,1,1
44.357583882889486,24.7396515733242,5,0.11023514861174473,1.7233171846374313,1,1,0
76.17212574968624,8.466570801287556,6,0.07774827946895572,8.046432794790487,1,1,1
61.04355937523213,40.97152711753696,5,0.08058854215246726,1.454404058358084,1,0,0
51.01215951676872,25.21162543991596,5,0.09613136709672668,1.9461654384502862,1,1,0
46.696863742610105,21.372242359568794,4,0.08386295630642462,2.08726791852572,1,1,0
58.10879609222967,36.934789119139936,4,0.06767182322168515,1.5318075424046833,0,0,0
69.2165011192446,26.079873600808703,3,0.04272499985302991,2.5560127103834613,1,1,0
58.724508796224654,40.59936384046622,4,0.06697417995763995,1.4116684337153198,0,0,0
75.11154930247348,36.17005949576698,4,0.052554441956025294,2.0207540779165925,1,0,0
45.48824309948441,36.83569323200477,5,0.10755407532394903,1.202257424505346,1,0,1
59.87911052153945,16.340442887994655,4,0.06570398229758584,3.4531477026458006,1,1,0
47.47606555586881,42.11943985386401,5,0.10314368426285515,1.1010362313789286,1,0,1
63.63631882624968,32.61250531233856,5,0.07735589047762158,1.8932334330606977,0,0,0
68.868873900973,26.30722860753797,4,0.057250099746409336,2.5220015875928996,1,1,0
55.79238206318946,31.43388467342251,3,0.052823986087818624,1.7201880880124032,1,0,0
33.95786143372866,12.237647671016802,3,0.08581760659722414,2.56524892319636,1,1,1
61.98948146796494,34.08652811480671,6,0.09525399892443101,1.7667602010985246,1,0,0
64.3673855173351,19.70628491817929,6,0.09178889368932816,3.108591704001093,1,1,0
64.04294754961698,16.473297141564657,4,0.06149782798432779,3.665189633688231,1,1,0
72.35782191822155,14.77640813782109,3,0.04089543448201564,4.586457277607869,1,1,0
49.28946320350951,41.12688374989925,5,0.09942440585945783,1.1700239565815829,1,0,0
66.8021610545045,23.707366063072115,6,0.08849275460669678,2.70373462245932,1,1,0
71.92507512477975,45.33727709916499,5,0.06856352210052112,1.5522076312523736,1,0,1
42.21412415993483,24.64198536947702,6,0.13884349426576573,1.6462892226038195,1,1,1
63.19651825918977,12.926420424070532,4,0.06230867511926782,4.5378867171035875,1,1,0
54.958201689923285,18.83475560051341,3,0.05361144406719252,2.770803068957438,1,1,0
59.18477326898354,42.35811620006939,6,0.0996929900056984,1.3650217872908608,1,0,0
63.47676483538336,28.441018220633325,3,0.04652838906634579,2.1560655395707937,1,1,0
55.12771435886448,24.517127035093992,5,0.0890825514117934,2.160420108543047,1,1,0
53.24291920838388,31.60018225852788,4,0.07374234385567052,1.6332092497567576,0,0,0
60.34152417488025,35.01782736167545,3,0.04890651219306545,1.6753238214220072,1,0,0
